CustomerID,Recency,Frequency,MonetaryValue
12747,3,25,948.7
12748,1,888,7046.159999999979
12749,4,37,813.4499999999998
12820,4,17,268.0200000000001
12822,71,9,146.15
12823,297,1,306.0
12824,60,6,106.38
12826,3,16,272.66
12827,33,2,44.55
12828,8,12,195.4
12829,337,2,95.8
12830,92,10,1727.92
12832,33,5,67.4
12833,146,5,87.0
12834,283,9,161.00000000000003
12836,60,34,585.53
12837,174,2,10.55
12838,34,17,62.11
12839,3,54,947.63
12840,144,19,459.66
12841,5,70,630.95
12842,71,8,224.54
12843,160,22,385.55
12844,30,7,38.05
12845,269,4,221.1
12847,23,14,123.20999999999998
12849,32,15,266.75
12851,97,13,29.570000000000004
12852,295,2,32.550000000000004
12853,135,12,234.48
12854,79,21,319.01
12856,8,64,402.48000000000013
12857,211,11,283.85
12863,53,1,34.8
12864,139,1,17.4
12867,27,105,749.2899999999997
12868,186,16,177.31000000000003
12871,85,5,70.74
12872,327,6,73.4
12873,283,1,102.0
12877,4,33,232.71
12878,237,8,174.3
12879,92,2,70.80000000000003
12883,25,10,186.18
12884,89,1,31.8
12885,64,20,361.47999999999985
12886,68,12,212.39
12890,25,13,53.87
12893,31,7,20.4
12895,43,6,107.65
12901,11,28,3647.06
12902,265,4,42.03
12904,19,15,64.55000000000001
12906,12,16,494.87000000000006
12909,88,19,624.2100000000003
12910,65,12,481.26
12912,9,3,162.36
12913,5,12,617.78
12915,149,2,35.9
12916,139,24,699.38
12919,9,6,133.74
12920,18,3,23.4
12921,10,115,2393.04
12922,162,4,57.24
12923,65,9,59.49999999999999
12924,89,6,220.83
12925,5,11,183.16000000000003
12928,36,15,366.8
12929,312,3,42.90000000000001
12930,79,6,97.51
12931,22,19,8490.64
12933,25,24,113.87
12935,3,26,406.1
12936,18,14,236.79
12937,16,31,393.43
12939,65,9,1680.6799999999996
12940,55,22,207.07
12942,132,14,80.92
12944,36,8,189.4
12945,289,5,129.10000000000002
12947,144,17,215.87
12948,45,23,372.78
12949,31,42,748.02
12950,3,4,471.6
12951,9,8,157.29999999999995
12952,6,18,291.27
12953,10,4,76.3
12955,2,32,875.5200000000003
12956,307,2,7.9
12957,10,50,814.7
12962,8,3,40.45
12963,9,13,257.62000000000006
12965,90,16,102.1
12966,10,3,42.5
12968,113,2,24.95
12970,8,30,72.78
12971,16,53,2082.69
12974,198,2,47.5
12976,212,5,203.68
12977,157,1,0.65
12980,188,7,2463.5399999999995
12981,30,4,84.47999999999998
12982,243,6,85.28999999999998
12984,19,1,19.8
12985,1,12,174.82
12987,74,3,45.4
12988,293,15,102.42
12989,4,13,976.8
12990,32,1,20.8
12991,24,4,77.7
12993,24,10,154.14999999999995
12994,5,15,212.45
12997,23,10,165.37999999999997
12999,206,2,21.9
13000,260,3,46.08
13001,5,67,2109.48
13002,319,2,24.95
13004,12,80,1044.6299999999997
13005,174,6,92.85
13006,57,3,77.00999999999998
13008,324,4,46.92
13012,10,19,418.92
13013,22,32,624.6
13014,11,26,680.6
13015,54,32,900.1499999999999
13016,74,10,184.11
13018,17,94,1483.6200000000006
13021,5,28,585.5
13023,65,10,181.49
13026,2,9,391.8
13027,114,5,1344.0
13028,23,10,160.20000000000005
13029,139,2,315.9
13030,12,4,60.93
13032,53,8,115.23
13033,358,3,55.05
13034,55,5,86.99999999999999
13035,74,6,262.70000000000005
13037,139,15,237.22
13038,291,4,75.6
13040,9,9,109.01
13043,274,3,196.8
13044,292,9,150.84
13045,100,4,45.34
13046,31,7,99.33
13047,57,36,626.02
13048,15,31,479.4
13049,65,3,122.1
13050,15,76,1147.5200000000004
13052,213,3,72.6
13055,79,10,191.64
13058,25,3,59.0
13060,254,4,62.39999999999999
13061,73,3,62.1
13062,192,2,32.4
13064,13,12,152.28
13066,25,11,94.1
13067,83,3,21.44
13069,15,72,627.5300000000002
13070,193,2,41.6
13072,267,1,29.700000000000006
13075,130,3,136.79999999999998
13077,2,18,75.79
13078,4,58,1763.4599999999994
13080,180,3,19.68
13081,12,183,5180.059999999999
13082,158,10,216.8
13083,5,5,136.0
13085,296,1,12.6
13089,5,329,10490.390000000003
13090,9,30,661.3199999999998
13091,29,5,105.42
13092,71,5,70.32
13093,276,28,1185.84
13094,130,2,152.64
13095,71,1,9.36
13097,33,82,1281.7600000000002
13098,2,106,4994.410000000002
13101,235,2,25.5
13102,2,68,1424.9599999999996
13104,4,4,243.96
13106,134,1,76.5
13107,86,13,357.08
13109,60,10,153.73
13110,32,31,297.79
13113,1,48,2387.2400000000007
13115,12,22,503.76
13116,139,5,77.74
13117,22,8,121.56
13118,20,15,126.64
13120,239,1,30.6
13121,270,10,51.31999999999999
13122,241,9,157.83
13124,90,50,831.0999999999998
13126,5,30,384.42999999999984
13127,78,4,68.7
13131,24,9,213.5
13132,262,2,62.0
13133,274,2,39.7
13134,86,18,344.54
13135,197,1,3096.0
13136,57,26,556.96
13137,11,129,681.6899999999998
13138,23,7,114.02
13139,17,39,1109.83
13140,109,7,78.56
13141,85,30,480.93000000000006
13142,20,7,91.14
13144,333,1,23.6
13145,92,1,45.0
13146,27,6,41.98
13147,100,1,118.8
13148,30,85,943.18
13149,15,14,309.8
13151,296,11,184.6
13153,6,3,37.44
13155,34,6,127.4
13157,50,10,169.19999999999996
13158,95,14,226.27
13159,9,31,360.2000000000001
13160,23,1,34.8
13161,314,1,27.0
13162,123,19,397.61
13165,47,6,195.6
13166,284,6,38.65
13167,19,12,122.06000000000002
13168,37,19,190.66000000000003
13169,253,1,23.4
13170,27,8,32.6
13171,50,8,46.94000000000001
13173,5,3,14.6
13174,17,25,244.97000000000003
13176,47,12,86.25000000000001
13177,65,4,67.35
13178,27,52,1231.3599999999994
13182,46,2,20.04
13183,8,23,823.3000000000003
13184,15,29,263.4199999999999
13186,40,21,383.69999999999993
13187,338,9,69.6
13189,19,6,64.2
13192,96,18,233.56000000000003
13193,62,7,40.45
13194,136,1,9.0
13196,12,21,336.48
13198,11,39,604.78
13199,4,23,2043.44
13200,20,7,133.14999999999998
13203,10,11,158.55999999999997
13208,59,27,221.77
13209,31,64,1076.39
13210,94,6,95.84
13211,96,8,164.14999999999995
13212,20,28,145.27
13213,57,18,294.80000000000007
13216,268,1,92.5
13220,220,4,19.69
13221,241,13,133.72
13223,201,2,115.8
13224,61,24,578.0700000000003
13225,4,7,1288.98
13226,274,1,8.4
13228,82,1,179.0
13229,226,2,36.75
13230,5,122,597.53
13232,13,26,225.14
13233,75,13,131.76000000000002
13235,213,11,185.15
13236,25,10,233.62000000000003
13238,24,8,165.10000000000005
13239,262,6,109.83
13240,97,12,89.69
13242,113,1,20.8
13243,204,11,142.89
13244,93,4,17.9
13245,51,2,61.3
13246,19,38,905.29
13247,52,4,69.0
13248,125,4,72.44
13249,94,5,310.86
13253,157,8,223.44
13255,10,1,49.8
13258,24,9,119.79
13259,62,21,95.31
13260,62,1,26.0
13261,286,4,441.6
13262,264,1,6.959999999999999
13263,2,319,1467.1100000000006
13265,54,14,263.16
13266,12,44,944.27
13267,3,43,930.59
13268,18,101,802.3
13269,2,70,1112.7200000000003
13271,38,22,64.17
13272,90,4,60.45
13273,114,2,14.05
13276,64,10,160.6
13277,117,1,25.0
13278,41,9,82.53999999999998
13280,123,13,130.21
13282,19,9,309.2000000000001
13283,186,1,17.0
13285,24,48,697.81
13291,156,4,36.0
13292,39,5,86.9
13294,190,9,151.7
13296,138,1,15.0
13297,8,13,525.18
13300,170,1,19.8
13301,104,16,138.05
13302,156,1,63.75
13304,352,4,57.21
13305,5,12,264.49
13308,23,9,143.56
13309,8,23,365.0
13310,29,14,243.12000000000003
13311,5,10,127.68
13313,23,13,242.56000000000003
13314,2,11,133.70999999999998
13316,38,18,1141.86
13317,67,20,362.76
13318,38,1,42.96
13319,6,84,1906.0000000000007
13320,79,16,259.0
13321,87,3,130.84
13322,18,8,89.49000000000002
13323,4,4,270.5
13324,37,14,1218.66
13325,82,3,268.0
13327,39,14,343.4000000000001
13328,317,4,356.99999999999994
13329,32,2,110.28
13330,93,10,251.0
13332,15,5,80.2
13334,83,57,687.3200000000003
13336,78,7,105.68
13338,158,6,166.39999999999995
13339,201,11,192.0
13340,46,26,2007.96
13341,261,10,248.75
13343,178,5,94.3
13344,68,13,379.3
13345,288,6,102.25
13347,71,4,168.6
13348,65,1,10.2
13349,11,4,41.68
13350,17,5,124.4
13351,67,4,67.44
13352,61,7,111.06
13354,72,8,108.54000000000002
13355,123,7,125.0
13356,81,9,226.71
13357,258,20,115.99
13358,269,6,64.74000000000001
13359,64,2,42.60000000000001
13362,10,33,690.9
13363,18,9,145.31
13364,72,1,17.4
13365,34,28,544.64
13368,257,8,211.35
13372,90,4,89.51
13373,61,31,698.2499999999999
13375,89,9,136.1
13376,100,13,236.85
13379,27,15,83.59
13381,32,38,800.7900000000003
13382,281,4,62.7
13384,31,25,896.9500000000003
13385,330,5,110.6
13388,132,9,210.77
13389,12,11,167.97000000000003
13394,2,33,665.8900000000001
13395,186,4,41.76
13396,30,10,342.54
13397,73,10,362.8
13398,193,7,103.43
13402,128,8,123.51
13403,18,1,15.0
13404,213,2,41.6
13405,205,6,113.99
13408,2,98,5686.879999999999
13410,75,5,125.84
13411,108,5,94.65
13414,134,7,168.45
13416,44,2,59.40000000000001
13417,5,10,222.1
13418,12,58,1296.3499999999995
13419,64,2,14.4
13420,171,1,10.5
13421,41,19,389.92
13422,65,30,670.34
13425,109,16,245.07
13426,1,29,676.5999999999998
13427,20,6,148.04
13428,11,14,40.93
13429,11,16,291.16
13430,19,8,76.56
13431,68,9,228.42
13435,6,22,759.0000000000001
13436,2,2,28.2
13437,15,31,666.36
13439,256,16,83.85
13441,92,1,10.2
13447,24,9,175.69
13448,17,30,491.29
13449,24,2,41.65000000000001
13450,27,14,411.05999999999983
13451,27,89,570.73
13452,260,2,590.0
13453,166,4,111.58
13455,25,3,73.8
13456,18,13,314.0900000000001
13458,8,78,1738.2000000000005
13460,30,1,17.0
13461,39,4,197.7
13462,253,2,37.8
13464,59,4,84.9
13466,185,5,78.39999999999998
13467,11,23,242.27
13468,2,54,1044.42
13470,100,3,49.5
13471,2,65,693.9600000000003
13473,61,6,142.29000000000005
13474,237,11,46.10000000000001
13475,218,14,219.21
13476,179,12,214.5
13477,58,9,152.32
13479,201,3,72.3
13481,46,22,333.21
13482,233,3,52.98
13483,66,3,59.7
13484,242,3,63.6
13485,234,4,73.3
13486,79,14,217.46
13487,58,9,149.2
13488,18,82,1595.5799999999995
13489,106,4,142.07999999999996
13491,52,15,192.63
13494,312,3,70.80000000000003
13495,8,7,376.2
13496,11,3,45.0
13497,283,3,54.3
13499,18,8,286.4500000000001
13500,24,10,189.5
13502,17,2,16.8
13503,72,1,10.5
13504,65,6,72.12
13506,317,1,20.4
13507,4,33,492.86
13508,244,3,27.630000000000006
13509,9,8,121.22
13510,2,21,329.31999999999994
13512,261,6,89.3
13513,127,2,37.65
13515,73,7,103.2
13516,22,7,370.66
13517,60,31,450.99
13518,86,7,121.4
13519,79,1,11.9
13521,2,98,263.2799999999999
13523,34,29,893.3699999999997
13524,41,3,53.78
13525,15,1,23.9
13527,34,47,538.8299999999998
13529,79,3,51.05
13531,206,3,79.85
13532,34,10,29.61
13533,183,16,63.29
13534,3,63,1242.0499999999995
13536,2,40,723.0700000000003
13538,44,6,283.65
13539,86,8,161.39999999999995
13544,40,21,66.33000000000001
13546,13,15,84.90000000000002
13548,97,26,127.1
13549,65,9,173.60000000000005
13551,320,1,17.85
13552,67,30,1059.26
13555,74,29,764.9599999999997
13557,29,9,148.08
13558,6,43,181.15
13560,8,7,45.1
13562,82,12,249.4
13563,85,10,222.28
13564,145,9,644.7399999999999
13565,20,11,78.23
13566,41,37,201.26
13568,174,6,19.45
13569,18,12,55.1
13570,244,6,55.91
13571,13,86,511.29999999999984
13572,206,7,182.53
13573,51,6,73.75
13575,24,13,194.5
13576,11,25,1211.14
13577,26,17,439.85
13581,310,1,2.95
13583,156,10,151.9
13584,307,9,43.2
13587,64,3,357.6
13588,16,35,454.98
13589,15,3,67.35
13590,12,19,373.43
13591,65,13,324.4
13592,206,3,58.97
13593,109,29,507.47
13594,53,5,56.51
13596,6,35,147.43
13598,48,4,15.65
13599,2,45,1139.8199999999995
13600,313,6,48.57
13601,46,18,134.25
13602,65,6,101.1
13603,27,8,62.19
13606,30,5,25.32
13607,41,27,179.72000000000003
13610,13,56,284.67
13611,90,14,234.8
13614,25,41,327.6799999999999
13615,319,6,103.8
13617,41,13,136.47
13618,174,4,38.26
13621,117,2,32.4
13623,31,18,183.05
13626,253,3,45.2
13627,60,18,298.43000000000006
13629,24,16,2480.76
13630,6,17,403.99
13631,207,1,100.0
13632,25,25,363.81
13634,34,33,352.33
13635,68,15,243.23
13636,37,13,185.0
13637,53,29,256.25
13638,16,3,38.1
13639,75,10,270.78
13642,216,9,51.07
13643,32,8,152.7
13644,17,33,639.34
13645,121,1,19.9
13647,10,13,240.56
13649,257,1,15.3
13650,17,26,461.92
13652,46,9,170.68
13654,44,27,442.9399999999998
13655,115,12,190.16
13656,165,7,62.11999999999999
13657,11,2,22.8
13658,10,12,244.46
13659,206,18,268.33
13662,86,8,134.84
13663,180,1,5.04
13666,61,2,12.55
13667,150,19,53.94000000000001
13668,3,93,1320.5700000000004
13669,51,3,60.45
13670,76,3,59.94
13673,19,14,110.92000000000002
13675,152,9,167.04000000000005
13678,152,2,11.64
13680,2,30,983.16
13681,18,12,177.88
13682,188,2,42.5
13684,286,8,14.8
13685,4,8,754.27
13686,183,1,8.5
13689,64,2,358.0
13690,60,2,32.7
13692,25,8,324.9000000000001
13694,4,115,12768.029999999995
13695,32,14,305.27
13697,39,4,48.32
13699,156,3,63.6
13700,27,48,495.38
13703,319,1,99.5
13704,6,18,320.97
13705,8,3,99.36
13706,303,4,41.10000000000001
13707,268,5,110.45
13708,272,17,88.43
13709,4,62,1458.9300000000005
13710,32,2,23.28
13711,219,4,88.19
13712,247,1,15.0
13715,282,24,198.25000000000003
13716,270,5,25.85
13717,33,16,204.66
13718,247,3,73.1
13719,16,15,278.09000000000003
13720,117,8,118.1
13721,37,6,127.95
13722,132,16,437.44000000000005
13723,218,1,19.75
13725,50,14,215.95
13726,39,12,349.94
13727,29,7,103.85
13728,37,11,187.7
13730,136,13,288.47
13731,220,12,215.52
13732,29,4,71.4
13735,25,44,720.4899999999999
13736,6,28,84.36000000000001
13737,201,8,46.45
13740,241,3,30.48
13741,72,8,153.21
13742,17,59,569.5099999999999
13743,3,7,275.88
13744,96,18,301.48
13745,163,7,111.71999999999998
13748,96,7,215.15
13750,54,8,467.07000000000005
13751,289,2,169.2
13752,156,16,204.58
13753,288,4,63.9
13754,318,3,45.3
13755,4,68,520.7699999999999
13756,3,23,831.33
13758,39,17,423.65
13759,72,8,282.44
13760,55,8,30.04
13761,51,11,162.09
13762,219,1,30.0
13763,64,2,281.52
13764,71,27,154.42999999999995
13767,26,72,2940.199999999999
13769,3,25,729.2600000000001
13771,65,18,331.9
13772,34,35,212.15
13774,82,4,62.35
13777,9,32,4401.259999999998
13778,104,1,27.25
13780,8,12,62.31
13781,251,6,37.83000000000001
13782,13,26,227.92000000000007
13784,219,2,55.8
13787,76,5,13.89
13790,5,8,85.26
13791,128,3,648.0
13792,67,2,38.4
13798,3,75,8167.579999999999
13799,117,7,136.3
13800,310,8,151.8
13801,67,2,30.3
13802,139,14,1114.98
13803,256,3,57.7
13804,31,21,374.92
13805,53,4,303.4000000000001
13808,6,12,339.7
13819,302,8,241.8
13821,145,13,77.69
13822,41,23,93.59000000000002
13823,19,12,341.55
13824,242,8,216.5
13826,177,1,25.5
13827,58,17,76.18
13828,23,1,10.2
13831,17,18,367.91
13832,20,1,19.8
13833,160,6,97.7
13835,26,9,160.18
13837,212,2,8.5
13838,6,30,106.15000000000002
13842,59,41,664.89
13844,12,5,111.1
13846,25,14,242.45
13848,298,1,85.0
13849,52,25,401.78
13850,130,19,308.63
13851,96,17,366.54
13853,58,4,139.39999999999998
13854,9,18,1367.8900000000006
13856,169,3,112.8
13858,58,3,50.37000000000001
13859,327,8,50.09
13860,2,18,294.94
13862,19,22,390.55
13863,248,4,60.18
13865,59,7,121.82
13866,75,1,24.9
13867,32,11,180.56
13868,39,5,108.05
13869,124,63,674.3799999999998
13870,3,28,563.3299999999998
13871,23,54,997.16
13873,120,2,47.7
13874,359,4,227.65
13875,54,27,442.64
13876,64,3,58.6
13878,55,9,313.42
13880,22,30,708.8299999999998
13881,26,31,2785.21
13882,3,17,284.74
13883,11,28,527.69
13884,8,12,171.50000000000003
13885,201,3,64.7
13886,72,3,39.7
13887,205,5,78.96000000000002
13888,120,11,160.51
13889,93,5,133.7
13890,2,14,246.54
13892,65,5,105.4
13893,298,5,84.80000000000003
13894,24,4,65.4
13895,29,23,539.74
13897,51,5,74.9
13898,326,2,29.85
13899,275,3,78.9
13900,193,7,121.22
13901,73,27,496.62000000000006
13904,38,3,50.4
13908,80,26,491.82
13911,58,31,473.54
13914,12,3,67.86
13917,50,3,17.04
13918,50,4,106.3
13922,352,2,51.75
13923,54,6,98.42000000000002
13924,2,23,337.24000000000007
13925,122,10,142.47
13926,24,1,20.4
13927,75,3,47.2
13928,11,6,91.32
13929,170,2,433.7
13930,58,2,30.6
13931,96,16,280.90000000000003
13933,110,3,77.1
13934,264,10,219.25
13936,180,7,112.54
13937,170,2,50.39999999999999
13938,36,3,21.94
13939,24,13,149.91
13940,18,7,141.54000000000005
13941,22,6,547.2
13946,202,2,131.39999999999998
13947,66,1,19.8
13948,361,1,46.8
13949,3,30,454.94000000000005
13950,12,3,55.08
13951,177,7,115.38
13952,218,32,722.0599999999997
13953,8,3,795.0
13954,2,9,176.5
13955,155,9,72.98000000000002
13956,6,32,266.48
13959,80,19,142.96000000000004
13960,22,2,24.660000000000004
13962,246,1,15.3
13963,309,3,45.2
13967,146,1,45.0
13969,8,129,1970.97
13971,19,26,467.36
13972,202,3,53.9
13973,288,5,177.2
13974,50,3,39.96
13975,32,63,433.75000000000017
13978,46,3,63.32000000000001
13979,74,15,227.0
13980,61,4,91.66
13982,40,15,325.35
13983,30,23,826.94
13984,326,1,11.8
13985,5,68,1406.42
13986,18,3,58.13
13988,20,42,661.7399999999999
13989,66,11,316.6
13990,214,3,54.55
13991,13,21,195.13
13992,31,1,20.0
13993,43,14,541.28
13994,4,26,467.03999999999985
13995,57,14,217.43
13999,11,27,588.9800000000001
14000,212,3,60.0
14001,46,8,496.2000000000001
14002,135,5,70.28
14004,44,37,1170.75
14005,10,22,697.3600000000001
14006,116,6,196.32
14009,199,11,199.11
14012,278,3,104.4
14013,111,6,82.38
14014,78,4,28.24
14015,53,4,189.42
14019,47,8,204.85
14020,17,7,119.06
14021,156,8,218.85
14022,226,6,64.86
14023,8,6,110.5
14024,122,4,66.15
14027,61,1,10.2
14029,64,1,25.5
14030,19,37,297.68000000000006
14031,8,41,2504.6800000000007
14032,17,26,484.42
14034,23,23,66.69
14035,29,15,275.12
14036,285,8,137.0
14037,365,4,15.75
14038,79,14,237.70000000000005
14039,34,3,102.6
14040,62,40,696.3
14041,267,4,11.8
14044,27,38,118.19000000000004
14047,9,3,113.1
14048,306,21,95.47
14049,17,97,1048.92
14050,32,12,184.73
14051,1,32,2688.9500000000007
14052,20,11,38.99999999999999
14054,66,1,9.96
14055,107,2,137.6
14056,2,205,1618.4600000000007
14057,24,52,1356.9399999999996
14059,267,1,23.4
14060,5,43,1623.2999999999995
14062,10,18,1140.2200000000005
14064,30,18,218.71
14066,267,2,53.25
14067,64,8,73.9
14068,321,5,67.80000000000001
14071,4,70,296.92999999999995
14073,33,3,30.94
14075,5,12,222.12
14076,130,8,21.79
14077,79,11,111.27
14078,102,9,300.4
14079,125,3,46.55
14081,303,16,98.90000000000002
14082,365,5,32.6
14083,5,21,153.3
14085,3,102,925.34
14087,3,16,56.50999999999999
14088,11,141,11812.270000000002
14089,57,4,79.45
14092,8,34,634.5
14093,13,16,91.34999999999998
14096,5,1055,13300.099999999993
14098,37,6,18.26
14099,17,55,701.93
14100,138,6,41.95
14101,74,11,2191.94
14102,6,16,251.6
14104,155,4,93.6
14105,240,13,224.73
14107,52,24,498.16
14108,31,4,85.98
14109,73,3,55.2
14110,4,29,1367.9
14112,23,30,537.9000000000002
14113,4,6,106.8
14114,274,2,53.7
14116,20,13,245.32
14117,144,1,30.0
14121,4,32,631.12
14124,85,2,118.08
14125,11,29,443.07000000000016
14126,11,2,29.4
14127,123,6,92.34
14128,61,12,184.22
14129,2,11,251.00000000000003
14130,320,14,99.25
14132,3,41,757.98
14133,130,8,187.92
14135,2,19,1035.24
14138,2,12,327.29
14139,47,5,66.24
14140,4,13,164.54999999999995
14141,3,4,144.60000000000005
14145,47,3,1128.6
14146,9,48,823.6199999999999
14147,286,1,136.0
14148,234,1,127.5
14149,221,3,50.39999999999999
14150,36,8,163.6
14152,76,10,114.18
14154,240,11,214.7
14155,267,2,35.7
14157,286,3,18.97
14158,41,10,115.98
14159,20,223,837.3899999999996
14161,216,12,70.44
14162,174,4,35.84999999999999
14163,88,16,524.8399999999998
14164,81,4,131.4
14165,276,9,49.48
14167,40,13,167.95
14171,99,11,83.57
14173,11,5,53.68000000000001
14174,34,5,19.05
14175,60,34,707.59
14176,298,5,88.0
14177,96,9,68.30000000000001
14178,9,69,342.88999999999993
14179,41,36,149.38000000000005
14180,11,39,754.0000000000001
14184,67,6,110.64
14185,332,1,165.0
14188,31,15,422.4
14189,3,54,987.9499999999997
14191,2,48,896.0699999999997
14193,68,8,157.2
14194,5,115,2343.4499999999994
14195,253,1,100.8
14196,107,2,244.8
14198,19,6,106.75
14201,61,7,113.18
14204,3,11,45.6
14205,17,6,113.7
14206,240,3,56.99999999999999
14208,95,1,10.5
14209,122,7,119.75
14210,106,22,397.04000000000013
14211,54,16,299.82
14212,90,3,339.4
14214,171,11,196.59
14215,12,18,311.25
14216,4,10,276.86
14217,12,30,595.53
14218,43,4,54.56
14219,5,1,4.68
14220,248,8,307.2
14221,43,33,588.7899999999997
14222,178,13,212.22
14223,93,8,111.92
14224,111,22,214.73
14226,30,13,461.2000000000001
14227,27,33,677.8799999999999
14229,52,8,313.98
14231,184,11,164.62
14232,43,23,475.26
14233,50,6,174.76000000000005
14234,31,35,182.75
14235,158,17,701.48
14236,81,3,33.84
14239,44,21,507.06000000000006
14240,31,5,80.16
14241,184,3,94.6
14242,235,2,34.55
14243,9,20,325.23
14245,220,20,298.72
14246,111,12,233.14
14247,279,4,21.8
14248,319,3,43.38
14250,8,20,365.54
14251,2,14,537.0
14256,261,17,301.2999999999999
14257,124,18,358.75
14258,90,22,2687.34
14259,142,1,15.9
14261,51,8,256.5
14262,9,22,482.82000000000005
14264,155,4,79.7
14267,163,10,311.68
14270,332,6,111.3
14271,226,1,11.9
14272,74,7,86.30000000000003
14273,137,2,35.099999999999994
14276,99,12,212.66
14280,197,2,20.94
14282,4,36,781.22
14284,31,6,109.45
14285,22,4,199.92
14286,24,64,1011.76
14287,9,2,35.40000000000001
14288,214,4,80.7
14289,9,8,178.2
14290,12,26,648.19
14291,2,57,1054.14
14292,8,19,793.6800000000002
14293,4,5,84.36
14295,41,2,50.40000000000001
14297,18,13,283.21
14298,9,325,9798.259999999991
14299,9,24,542.5599999999998
14301,118,2,168.12
14304,223,5,96.5
14305,72,19,364.63
14306,52,3,208.5
14307,89,34,566.8299999999998
14309,9,27,671.6700000000002
14311,243,6,96.55
14312,47,16,262.54
14314,107,1,9.12
14315,45,25,647.35
14317,65,6,142.38
14320,333,7,93.09
14321,11,24,271.92
14323,115,13,208.08
14326,243,2,40.2
14327,164,4,90.2
14329,18,46,967.2800000000003
14331,136,4,58.38
14332,23,7,84.36000000000001
14333,68,2,29.1
14334,94,35,596.5600000000002
14336,17,17,342.82
14338,197,3,59.6
14339,243,4,116.1
14340,219,3,65.4
14341,46,23,363.03
14342,22,5,169.56
14344,128,9,67.94
14345,39,2,32.85
14346,121,13,274.36
14348,261,3,47.7
14349,11,8,25.49
14350,275,3,31.86
14351,165,1,51.0
14352,235,8,236.6
14353,216,2,18.9
14354,6,3,48.6
14356,80,9,138.46999999999997
14357,44,5,25.25
14359,20,11,189.3
14360,32,32,675.6999999999998
14362,23,9,36.8
14364,135,18,1066.0
14367,9,114,1913.41
14368,320,1,17.0
14371,296,1,26.1
14373,359,1,24.95
14375,186,22,87.09999999999998
14377,192,3,115.85
14379,45,9,80.97
14381,53,11,40.2
14382,27,28,176.65000000000003
14383,39,12,348.01999999999987
14385,10,4,71.05
14386,297,2,27.9
14387,33,26,368.13
14388,11,35,588.6899999999998
14389,66,11,220.1
14390,11,51,917.61
14393,219,2,29.75
14395,3,67,682.0500000000002
14396,66,8,110.52
14397,3,21,498.97999999999985
14400,150,4,153.14
14401,5,38,805.9599999999998
14403,218,6,546.8100000000002
14404,34,15,205.01
14406,120,1,15.3
14407,108,12,471.99
14408,11,21,589.42
14409,72,11,324.41
14410,93,36,257.50999999999993
14411,311,3,286.2000000000001
14412,43,9,114.13
14413,363,3,14.45
14414,92,25,347.4600000000001
14415,2,102,1044.5499999999997
14416,43,2,36.1
14418,4,29,499.59
14419,11,37,202.57
14420,100,4,48.36
14421,58,7,197.37
14422,1,46,829.7200000000001
14426,24,55,1046.62
14427,64,6,99.58
14428,8,23,218.89
14431,303,2,43.2
14432,10,92,515.18
14434,38,1,69.6
14436,99,1,9.48
14438,307,3,47.5
14440,9,10,412.74000000000007
14441,1,12,466.63999999999993
14443,54,20,314.27
14446,1,60,266.84
14447,19,20,344.00000000000006
14448,365,4,12.0
14449,19,34,158.56
14450,181,6,80.55000000000003
14451,61,17,94.84
14452,11,8,35.91
14453,191,5,34.43
14456,6,188,636.6600000000002
14459,156,6,227.6
14461,149,26,340.42
14462,67,38,309.34
14463,206,1,76.32000000000002
14465,247,23,134.35000000000002
14466,30,10,408.3
14467,18,10,50.65000000000001
14470,12,11,109.04
14472,104,54,365.22999999999985
14473,283,1,85.0
14474,47,2,32.3
14475,72,8,252.85
14476,258,4,55.75
14477,51,1,179.0
14479,254,2,48.4
14481,165,3,54.8
14482,19,26,253.61
14484,51,3,78.2
14485,39,11,39.71
14487,27,29,223.15000000000003
14488,68,12,188.48
14489,208,4,52.5
14491,176,3,50.15
14493,8,24,465.48
14494,26,1,30.0
14495,122,1,19.8
14496,312,3,50.97
14497,310,6,105.96
14498,43,34,441.07000000000016
14499,27,41,165.94999999999996
14501,184,4,93.18
14502,20,127,444.17999999999984
14503,4,29,786.11
14504,48,21,121.83
14505,18,152,1150.38
14506,18,57,353.58
14507,41,24,333.16
14508,23,14,83.95999999999998
14511,12,20,315.64
14512,188,5,75.35000000000002
14513,207,2,53.65
14514,62,11,125.08
14515,18,18,365.97999999999985
14517,34,5,75.95
14518,65,5,64.09
14520,2,1,62.40000000000001
14522,93,3,189.42
14523,109,2,22.4
14524,32,28,293.95999999999987
14525,20,57,728.68
14527,3,187,1628.8800000000015
14528,38,4,150.24
14529,61,42,122.15000000000002
14530,26,53,742.5799999999998
14532,237,7,96.45
14533,25,12,447.06
14534,3,108,1082.5
14535,61,75,711.72
14536,260,2,59.5
14537,58,3,100.68
14538,65,2,32.7
14539,16,5,114.0
14540,10,15,200.32
14541,169,25,299.6400000000001
14543,31,13,546.4300000000002
14544,25,24,406.8
14546,6,70,503.6999999999999
14547,4,79,1008.0100000000003
14548,318,2,326.4
14549,312,8,40.08000000000001
14550,11,8,103.81
14551,205,2,27.64
14552,152,9,31.119999999999994
14553,20,18,166.84000000000003
14554,11,53,709.0799999999997
14555,303,3,32.45
14557,86,5,260.46000000000004
14560,8,14,338.95999999999987
14561,76,9,140.61
14562,4,95,1040.98
14565,96,29,725.87
14567,57,4,176.4
14569,2,2,4.15
14570,281,8,49.6
14572,41,57,451.38
14573,180,24,140.95000000000005
14577,13,21,162.32
14578,4,5,59.03
14581,17,5,57.95000000000001
14582,41,2,21.46
14583,6,62,173.88000000000008
14584,170,11,113.52
14585,51,7,38.51
14586,277,4,34.44
14587,19,59,204.12
14591,16,37,190.35
14592,36,29,82.98
14593,22,32,223.36
14594,8,4,28.98
14595,25,17,297.47
14597,12,8,138.92
14598,45,11,51.03
14600,306,7,123.75000000000004
14601,11,1,35.40000000000001
14603,275,1,510.0
14606,2,512,2353.590000000002
14607,19,15,3195.06
14608,5,6,580.6
14616,243,1,158.4
14618,10,2,60.0
14619,246,3,51.90000000000001
14620,206,5,76.46000000000002
14621,2,23,499.54
14622,185,6,64.7
14623,33,31,176.86999999999995
14624,58,1,15.6
14625,197,8,145.6
14626,24,25,491.6
14628,92,8,153.03
14629,5,25,131.26000000000002
14631,51,12,325.8400000000001
14632,263,1,15.9
14633,267,4,82.45
14636,37,6,127.8
14638,51,3,113.99
14639,53,36,609.3100000000002
14640,25,21,497.7400000000002
14641,22,3,59.75999999999999
14643,171,2,29.72
14644,68,6,146.3
14645,157,8,127.19
14647,202,7,120.35
14649,5,36,265.57
14651,68,24,136.02
14652,78,4,13.79
14653,2,39,344.52
14655,9,4,162.2
14656,170,17,65.89
14657,18,25,162.22000000000003
14658,6,6,39.09
14659,9,40,402.61
14660,87,6,31.47
14662,29,28,116.83
14664,20,22,106.72
14665,61,19,404.41999999999985
14666,25,3,34.3
14667,11,105,1810.29
14669,242,44,306.58999999999986
14670,281,30,138.18
14672,235,15,179.50000000000009
14673,4,10,167.25
14675,17,22,108.7
14676,32,9,765.96
14680,72,38,3439.94
14681,212,1,340.0
14682,202,1,20.8
14684,26,92,336.76999999999975
14687,107,2,49.8
14688,8,53,836.05
14689,209,3,17.7
14690,45,12,99.68
14691,31,13,469.09000000000015
14692,138,11,97.85
14693,265,2,134.1
14696,5,24,411.4
14697,219,5,29.09
14698,2,37,252.57
14699,215,3,39.45
14700,33,27,581.33
14701,11,77,630.5199999999999
14702,2,66,716.2500000000003
14703,15,5,68.53
14704,20,89,323.3199999999999
14708,3,4,186.0
14709,16,36,918.95
14710,15,24,91.86000000000004
14711,11,69,615.32
14712,30,6,393.9
14713,10,54,368.68
14714,25,1,11.6
14715,25,18,192.68
14716,44,17,122.19
14719,2,40,261.2899999999999
14720,6,6,83.1
14722,148,5,29.15
14723,11,54,195.58
14725,25,14,216.8
14727,275,4,135.2
14730,2,91,431.3599999999997
14731,48,12,117.42999999999998
14732,9,35,621.5
14733,17,40,1874.38
14735,4,33,932.0899999999997
14737,4,7,516.75
14738,43,2,14.86
14739,20,10,579.5999999999998
14740,198,17,329.7
14741,12,15,402.45999999999987
14744,17,4,107.95
14745,113,16,324.87
14747,250,3,55.6
14748,30,10,149.95
14752,44,2,260.64
14753,88,5,100.3
14754,45,9,159.28
14755,10,42,912.87
14756,16,6,100.78
14757,76,4,93.92
14758,145,19,407.0
14759,5,32,524.0
14760,298,2,43.6
14761,335,1,10.2
14762,264,3,27.96
14765,30,8,52.82000000000001
14766,9,21,445.72
14768,18,2,89.10000000000002
14769,3,233,2220.16
14770,233,12,195.66
14772,113,3,47.25
14775,59,13,196.62
14776,52,27,565.32
14778,128,11,226.06
14779,324,6,67.65
14780,55,7,123.22
14782,320,1,25.200000000000006
14784,27,2,30.0
14788,8,4,94.6
14790,29,3,30.66
14793,22,2,23.2
14794,3,12,204.06
14795,167,1,23.85
14796,2,217,1434.5800000000008
14798,53,3,46.72
14799,52,1,5.8
14800,48,57,586.0
14801,62,13,41.65
14803,163,14,221.25000000000003
14804,9,2,73.1
14805,16,13,169.6
14806,76,4,70.14
14808,40,30,336.48
14810,41,49,416.13000000000005
14815,37,6,86.52
14817,201,14,237.04
14818,74,13,224.53
14819,65,3,83.85
14820,22,4,60.45
14823,181,16,78.43
14824,11,4,122.46
14825,24,15,338.1500000000001
14828,197,2,275.40000000000003
14829,30,6,110.36
14830,54,8,18.37
14834,18,14,300.1
14837,90,22,353.9000000000001
14841,54,29,640.61
14842,44,27,474.08
14844,64,24,987.9700000000003
14847,149,4,79.69999999999997
14849,22,57,1175.37
14850,312,3,45.1
14851,24,5,57.24
14852,59,37,693.49
14853,25,2,191.7
14854,79,25,430.5
14855,120,5,113.6
14856,37,10,244.77
14857,60,12,234.35
14859,13,10,217.22000000000003
14860,20,1,40.56
14862,26,8,151.9
14863,30,4,86.88
14866,39,19,4053.98
14867,186,9,202.98
14868,4,38,793.0600000000003
14869,9,9,70.22
14870,262,5,87.6
14871,4,18,104.27
14873,211,5,114.5
14875,108,7,126.75
14878,37,22,369.51
14880,78,10,146.13
14881,20,4,67.92
14882,27,3,207.9
14883,40,7,101.82999999999998
14885,132,5,325.2
14886,253,4,68.1
14888,208,4,67.8
14889,337,3,42.3
14890,254,1,15.0
14891,149,6,83.34
14893,12,8,110.64
14894,86,4,152.76
14895,8,107,2194.1
14896,205,1,13.5
14897,8,10,214.64
14898,24,23,324.4
14901,12,8,146.58
14902,26,6,117.9
14903,22,64,465.23999999999984
14904,3,13,147.94
14905,158,5,214.0
14907,4,23,487.9
14908,75,1,45.0
14910,3,9,143.53
14913,36,14,228.98
14915,92,6,177.98000000000005
14916,71,13,229.03000000000003
14918,116,14,478.91
14920,213,14,237.29
14921,31,15,221.95
14923,51,9,167.94000000000003
14924,246,1,15.8
14929,33,4,74.6
14944,30,30,916.6900000000003
14947,131,1,30.0
14948,24,18,260.47
14950,20,4,64.0
14951,80,1,15.6
14952,60,25,1138.3200000000004
14953,26,10,45.71
14954,13,19,101.57000000000002
14957,254,1,3.9
14958,148,6,40.7
14959,65,10,131.94
14960,9,7,40.01
14961,11,59,1467.8700000000006
14962,271,1,70.2
14963,10,36,248.27000000000004
14964,248,4,29.55
14965,97,18,211.86
14966,15,8,59.83
14967,50,2,109.8
14968,31,4,13.85
14970,69,4,182.3
14971,36,30,215.34
14972,129,2,14.01
14973,108,4,97.32
14974,38,4,19.53
14975,58,2,85.32
14976,58,16,205.77
14978,73,46,371.5100000000001
14981,247,4,50.46
14984,20,15,80.68
14985,199,18,46.66
14987,16,1,81.6
14988,212,11,103.08
14995,39,8,28.13
14997,47,6,134.16
14998,171,12,111.47
15000,48,12,77.32000000000002
15002,116,19,238.22000000000003
15004,148,23,147.54000000000005
15005,16,236,1344.39
15006,52,28,108.99000000000002
15007,160,1,4.16
15009,13,29,207.11
15010,36,8,111.05
15012,54,18,58.61
15014,44,6,94.18
15016,173,5,54.76000000000001
15017,34,1,4.2
15018,39,6,88.53999999999998
15019,267,15,52.3
15021,9,95,456.96
15022,12,22,133.95000000000002
15023,4,111,1246.71
15024,10,25,267.59
15025,34,16,75.4
15026,81,8,81.54
15027,31,9,343.49999999999994
15028,9,7,62.35
15030,72,1,95.4
15031,5,19,95.89000000000004
15032,257,3,359.5
15033,5,102,557.1899999999997
15034,16,72,945.7099999999997
15035,90,2,37.05
15036,73,25,121.84999999999998
15038,69,19,102.22
15039,10,305,3602.6700000000014
15041,171,10,31.14
15043,32,1,179.0
15044,20,94,1578.4600000000007
15045,152,3,98.88
15046,10,45,983.7199999999997
15047,270,6,100.4
15048,66,13,66.76
15050,26,15,371.9500000000001
15051,24,39,394.34000000000015
15052,320,5,22.4
15053,5,16,143.05
15054,13,26,71.00000000000001
15057,316,4,211.5
15058,26,35,286.44
15059,41,53,319.61999999999983
15060,9,23,87.16
15061,4,58,6916.620000000003
15062,72,18,340.42
15063,214,2,45.4
15065,38,17,529.0500000000002
15066,54,12,252.8
15067,79,16,357.74000000000007
15068,47,21,116.54
15069,180,7,109.8
15071,94,5,205.0
15073,10,11,201.55
15074,106,7,144.92000000000004
15075,78,6,261.86
15076,173,4,63.3
15078,8,83,1901.0199999999993
15079,213,9,184.11
15081,23,6,89.94999999999997
15083,257,1,14.85
15087,282,2,43.8
15088,22,15,281.5200000000001
15089,11,29,589.4999999999999
15090,309,3,45.4
15091,68,6,77.91000000000003
15092,216,3,46.8
15093,19,15,715.8399999999998
15095,104,7,205.5
15096,43,1,6.64
15097,5,5,56.8
15099,85,5,67.48
15101,9,2,58.53
15103,32,5,78.53999999999998
15104,197,14,198.92
15105,19,17,358.22
15106,18,24,321.42
15107,331,3,40.45
15109,246,6,103.35
15110,24,7,243.05
15111,30,12,272.75
15113,10,18,586.1
15114,31,32,529.86
15115,19,5,76.80000000000003
15116,18,10,210.76
15117,15,14,376.91
15118,135,1,244.8
15119,246,1,16.5
15120,134,5,77.3
15121,289,4,74.55000000000003
15122,115,17,355.86000000000007
15123,8,17,332.3900000000001
15124,23,6,74.32000000000002
15125,26,24,2054.34
15127,66,8,227.52
15128,61,20,290.82
15129,51,13,615.7
15130,170,4,73.2
15132,106,11,159.56
15133,128,8,254.12
15134,15,19,410.18
15135,240,2,30.0
15136,3,22,479.43
15139,337,2,27.9
15140,53,17,525.24
15142,47,6,107.5
15143,226,2,28.200000000000006
15144,9,41,1276.0999999999995
15145,5,13,238.46
15146,165,26,364.41999999999985
15147,241,6,92.70000000000002
15148,11,4,54.51
15149,134,6,146.55
15150,18,61,961.24
15152,10,47,817.64
15153,32,4,57.7
15154,76,20,46.81
15156,2,11,245.25
15157,4,33,585.84
15158,46,3,189.6
15159,5,143,3771.400000000001
15160,358,1,106.2
15163,19,6,66.22
15164,69,21,175.29
15167,321,4,12.65
15168,26,2,32.4
15172,9,17,251.54
15174,323,4,67.02
15175,72,3,25.16
15178,261,1,19.5
15179,19,15,468.77
15181,67,7,337.7999999999999
15182,155,4,100.45
15184,30,18,117.41
15185,71,6,56.4
15186,15,5,88.86
15187,2,26,1636.38
15189,2,41,3379.11
15192,120,9,138.72
15193,61,1,19.8
15194,4,58,1701.8099999999995
15195,3,1,3861.0
15197,11,8,683.5500000000002
15198,93,2,50.40000000000001
15199,95,1,49.05
15201,88,11,314.8400000000001
15203,26,30,429.08000000000015
15204,358,1,59.40000000000001
15205,86,10,137.44000000000003
15206,100,1,61.2
15208,2,6,202.85
15210,226,2,70.11
15211,61,8,136.14
15213,330,6,81.60000000000002
15214,2,28,452.2900000000001
15215,47,6,103.75
15218,11,32,982.87
15219,177,2,25.5
15220,52,28,419.18
15223,226,3,189.2
15224,359,1,13.2
15225,235,4,65.1
15226,311,1,15.3
15227,37,9,162.77
15228,67,20,456.42
15230,241,6,89.4
15232,114,9,190.66
15234,277,1,1.92
15235,218,25,381.69000000000017
15236,299,4,96.0
15237,79,17,227.53
15238,30,10,263.41
15239,11,4,53.0
15240,45,14,229.8100000000001
15241,67,19,317.14
15243,75,4,49.25
15244,66,7,159.36
15245,135,18,701.8199999999997
15246,239,4,52.8
15247,123,1,81.6
15249,32,72,1327.16
15251,10,29,3027.21
15252,37,10,166.49
15253,17,15,248.24999999999997
15254,128,6,116.03
15255,67,13,242.06000000000003
15257,284,3,92.05
15258,169,8,127.45
15260,143,6,129.1
15261,136,1,17.4
15263,107,4,44.82000000000001
15264,65,3,50.55
15265,152,17,313.74
15266,339,1,17.85
15267,183,2,550.8
15269,24,1,118.8
15270,16,9,263.75
15271,8,59,521.3399999999998
15272,58,13,132.54
15274,5,8,108.26
15275,38,9,146.73000000000005
15276,67,12,22.17
15277,47,3,35.34
15279,355,2,35.2
15280,173,4,23.32
15281,59,39,674.54
15286,50,1,66.4
15287,23,6,111.15
15288,44,15,465.68
15289,30,12,188.07
15290,5,44,1701.8000000000004
15291,26,18,571.7799999999999
15292,202,5,40.75
15296,51,45,768.3299999999998
15297,11,8,141.42000000000004
15298,3,34,1558.1799999999996
15300,65,3,48.5
15301,51,43,774.7099999999998
15303,291,4,65.8
15304,61,5,176.5
15306,65,13,243.0
15307,96,1,14.85
15308,275,3,60.6
15311,1,447,11758.489999999983
15312,76,6,128.24
15314,200,5,70.08
15315,65,6,91.38
15316,327,1,165.0
15318,4,5,36.96
15319,284,1,17.700000000000006
15320,45,7,55.55
15321,71,20,611.7000000000003
15322,86,9,160.83999999999997
15325,104,15,61.25999999999999
15326,334,6,60.78
15327,53,1,10.2
15329,40,15,213.68
15330,61,1,69.6
15333,209,3,378.54
15334,157,22,63.34999999999999
15335,54,6,17.9
15339,67,15,103.57
15341,81,4,517.36
15342,130,7,103.2
15343,88,6,109.2
15344,33,5,107.56
15345,46,1,29.9
15346,333,3,47.10000000000001
15348,73,1,15.0
15349,159,12,67.76
15351,13,38,326.1300000000001
15353,255,8,59.90000000000001
15355,30,2,55.6
15356,32,103,530.09
15358,5,105,1725.9399999999994
15360,40,2,49.6
15361,362,3,253.32
15364,96,5,89.56000000000002
15365,26,19,430.58000000000015
15366,76,12,166.44
15367,58,14,369.12
15368,22,1,279.24
15370,72,19,463.45
15372,138,6,449.56
15373,9,23,425.07
15376,41,24,314.19
15379,170,45,867.5199999999996
15380,9,7,198.2
15382,15,62,1337.9600000000005
15384,170,7,103.99
15385,41,1,10.2
15386,187,3,35.28
15392,5,19,393.58
15393,282,3,43.2
15394,10,12,354.72
15395,326,2,31.85
15396,113,6,101.28
15397,290,1,14.85
15398,17,12,239.34000000000003
15399,2,12,186.22
15400,129,2,105.4
15402,149,6,68.5
15405,190,2,15.44
15406,32,13,91.3
15407,34,28,329.27
15408,265,10,110.75
15410,85,25,633.1500000000002
15411,27,23,321.4500000000001
15412,172,1,11.8
15414,10,5,96.58
15415,314,12,158.35000000000005
15416,65,28,552.7900000000002
15417,86,6,111.0
15419,25,2,34.4
15421,59,6,112.1
15422,324,1,15.3
15424,255,3,49.56
15426,20,38,183.03000000000003
15427,34,49,213.14999999999995
15428,16,3,46.62000000000001
15429,27,14,104.09000000000002
15432,24,2,40.2
15433,268,4,55.56
15434,9,6,141.5
15435,23,6,35.74999999999999
15436,13,69,231.13
15437,263,11,56.43000000000001
15438,132,3,26.3
15440,55,14,56.44
15443,2,87,771.3
15444,10,53,334.6500000000001
15445,265,1,25.5
15447,331,2,28.52
15448,313,6,96.2
15449,27,12,211.43
15450,31,2,25.4
15452,30,14,172.77000000000004
15453,2,67,278.2899999999999
15454,363,7,48.55
15456,284,12,70.84
15457,263,9,32.97
15458,26,1,23.4
15460,355,6,17.549999999999994
15462,95,1,19.8
15463,30,2,45.8
15464,339,33,177.55
15465,83,16,896.7499999999999
15466,86,11,45.25000000000001
15467,10,9,97.98
15468,52,5,95.75
15469,51,3,75.6
15471,3,13,53.45
15472,114,15,59.8
15473,15,2,306.0
15475,78,6,98.61
15478,41,12,230.69
15482,16,17,1770.2
15483,162,22,52.84
15484,2,36,760.8399999999998
15485,31,10,177.67
15489,23,15,435.46
15491,101,32,595.54
15492,75,7,122.32
15493,33,49,320.50999999999993
15494,22,27,322.2800000000001
15497,18,4,288.6
15498,3,99,2621.03
15500,9,18,330.0
15502,16,30,1135.3299999999995
15503,363,14,41.6
15504,82,4,16.9
15505,53,21,972.86
15506,23,33,221.00000000000003
15507,172,12,146.47
15508,190,21,281.84
15511,12,34,230.19
15512,360,1,15.3
15513,34,73,3305.510000000001
15514,13,39,1022.49
15516,47,4,9.9
15517,234,8,95.78000000000002
15518,65,46,411.76999999999987
15520,2,4,64.38
15521,41,31,387.13
15522,33,9,45.86
15523,85,3,252.50000000000003
15525,3,21,107.46999999999998
15527,19,31,661.54
15528,255,8,123.61
15529,23,133,700.5699999999996
15530,22,21,326.0
15531,9,55,491.74000000000007
15532,26,43,332.23
15533,20,18,163.36
15535,174,24,168.38999999999996
15537,164,3,7.5
15539,8,9,119.87
15540,12,3,37.65000000000001
15541,115,6,23.73
15543,289,9,38.5
15544,10,48,647.1
15545,55,13,38.88
15547,8,138,1077.1000000000008
15549,158,21,330.85
15550,5,13,127.95
15551,37,5,101.0
15552,218,4,7.78
15553,61,8,70.53
15554,278,2,25.2
15555,13,174,851.3299999999998
15556,25,5,79.08
15557,29,5,118.26
15561,12,4,65.46000000000001
15563,23,21,312.29
15565,71,1,16.5
15567,19,1,24.96
15568,3,10,126.91
15569,104,5,552.98
15570,11,62,842.89
15571,12,12,186.63
15572,5,41,591.49
15573,32,19,127.43000000000002
15574,178,7,47.07
15576,38,10,134.29999999999998
15577,152,10,65.77000000000001
15579,69,9,62.71
15581,157,35,147.32000000000005
15582,221,5,63.48
15584,24,18,88.55
15585,177,7,121.25
15587,51,2,111.96
15589,256,6,90.1
15592,47,5,94.74
15593,71,1,71.4
15594,31,22,378.82
15596,215,11,223.0
15597,36,3,32.160000000000004
15598,54,3,63.06
15599,27,10,136.33
15601,12,69,1102.12
15602,9,11,305.22
15604,53,2,36.52
15605,37,8,134.3
15606,62,18,687.63
15607,337,5,54.76
15608,29,11,271.78
15609,185,6,112.68
15610,52,3,53.14
15611,10,7,197.85
15612,37,3,124.1
15615,11,80,2145.8
15618,33,11,165.951
15620,57,13,186.9
15621,5,3,198.72
15622,44,45,925.82
15623,142,4,60.13
15624,136,6,88.53
15625,104,14,314.1
15626,75,11,139.48000000000002
15628,5,26,477.0
15630,46,12,212.74
15632,16,32,624.4
15634,18,4,65.7
15636,90,4,117.0
15637,53,2,36.90000000000001
15639,135,2,15.12
15640,5,91,2297.7
15641,106,10,177.4
15643,283,5,76.69999999999997
15644,167,46,147.33999999999997
15645,19,12,138.21
15646,247,2,28.200000000000006
15648,205,7,199.3
15651,37,8,154.86
15652,92,6,102.8
15653,93,2,432.12
15654,10,4,103.56
15655,244,8,123.71
15656,46,16,253.3
15657,23,1,30.0
15658,198,6,109.2
15659,44,2,45.0
15660,26,21,372.34
15661,318,1,6.6000000000000005
15663,107,2,29.04
15664,51,2,33.36
15665,169,21,415.47
15667,40,3,70.56
15669,104,5,151.02
15670,297,7,106.5
15671,26,8,299.46
15673,89,44,799.27
15674,74,23,371.87
15675,156,3,29.72
15676,19,46,824.4599999999998
15677,50,12,240.15
15678,53,2,36.0
15679,25,29,156.06
15680,10,8,121.62999999999998
15681,26,8,178.04
15683,118,1,17.4
15687,9,34,634.0499999999997
15689,362,2,45.6
15690,5,4,46.2
15692,29,2,37.2
15694,26,10,451.89
15695,267,3,81.44999999999997
15696,34,26,403.94
15699,18,3,50.38
15700,173,11,104.39
15701,3,44,228.64999999999995
15704,141,26,462.36
15705,202,2,75.9
15706,65,7,159.35
15707,36,42,170.42000000000004
15708,41,49,557.7999999999998
15709,284,2,36.8
15712,10,10,174.89999999999995
15713,144,1,53.1
15714,12,3,10.75
15716,146,13,70.21
15717,235,1,19.8
15719,33,175,1033.0800000000004
15720,25,32,198.05
15721,12,23,186.96000000000004
15722,36,15,429.75000000000006
15723,365,8,20.55
15724,285,1,23.4
15725,16,10,130.42999999999998
15727,17,68,1324.6800000000007
15729,213,1,15.0
15730,66,17,304.76
15732,213,3,51.00000000000001
15733,283,3,42.8
15734,115,4,57.0
15737,15,13,233.95
15738,19,35,976.69
15739,67,3,103.6
15740,50,1,24.9
15743,17,24,167.73
15745,20,13,201.21
15746,135,5,42.48
15747,13,17,207.16000000000003
15748,41,3,31.75
15749,236,3,13698.5
15750,3,51,417.85
15752,40,72,428.15
15754,52,7,105.33
15755,11,27,465.07
15756,62,34,90.83
15757,66,10,178.09999999999997
15758,25,1,29.700000000000006
15759,359,1,5.04
15762,66,11,151.49
15763,32,15,244.99
15764,89,45,794.6299999999999
15766,65,1,15.0
15768,204,6,71.5
15769,8,27,10867.38
15773,6,2,18.4
15774,69,5,75.0
15775,246,1,17.700000000000006
15776,134,5,69.82
15777,242,5,296.85
15780,243,9,160.1
15781,26,3,55.7
15782,10,9,481.22
15783,11,1,19.8
15785,33,19,449.02000000000015
15786,47,61,1195.53
15787,27,39,144.45000000000005
15789,359,5,56.94
15790,11,7,37.14
15791,44,10,244.7
15793,40,2,93.36
15795,150,12,198.37
15796,2,33,624.5300000000002
15797,305,1,244.8
15799,76,18,140.59
15800,108,26,181.64
15801,47,13,194.59
15803,52,2,119.54
15804,1,34,501.41000000000014
15805,24,68,1173.3200000000004
15806,47,4,139.85
15807,51,12,253.58
15808,307,25,441.25
15809,37,7,102.29
15810,171,16,253.70000000000005
15811,23,29,470.89000000000016
15812,108,11,479.2
15813,208,7,208.0
15814,17,15,492.5100000000001
15815,64,5,268.02
15819,50,24,318.57
15820,320,2,15.9
15821,45,12,93.25
15822,4,8,317.0
15825,173,5,59.22
15826,57,13,331.3400000000001
15827,74,23,390.91
15829,100,13,177.17999999999995
15830,38,4,53.36
15831,59,16,195.01
15832,255,12,179.79999999999995
15834,71,64,527.1799999999998
15835,45,12,205.48
15836,51,2,29.75
15837,65,5,85.5
15838,12,40,5408.04
15839,34,16,277.1
15840,59,5,72.36
15841,73,4,80.94
15843,304,3,43.2
15844,47,1,10.2
15845,18,25,703.4300000000002
15847,39,4,53.1
15850,20,23,55.96
15852,198,4,11.57
15853,52,6,21.22
15854,5,23,367.19999999999993
15855,137,13,142.29999999999995
15856,5,124,3059.1299999999987
15857,19,5,140.1
15858,16,34,196.54999999999995
15860,41,26,184.47
15861,13,100,528.4700000000001
15862,9,17,105.92000000000002
15863,26,3,21.4
15864,27,4,398.28000000000014
15865,41,7,116.9
15866,102,11,71.47000000000001
15867,6,95,919.6
15869,278,4,63.88999999999999
15870,33,24,148.94
15872,15,24,70.94999999999997
15874,64,25,1259.52
15877,2,29,105.09
15881,313,7,88.85000000000002
15882,199,1,5.9
15883,3,15,74.73
15885,94,1,17.700000000000006
15886,61,3,32.35
15888,81,2,14.07
15889,157,4,10.94
15891,227,11,112.78
15895,150,3,14.33
15897,195,6,26.65
15898,2,4,81.55
15900,24,6,30.28
15901,17,20,63.99
15903,10,17,1038.4800000000002
15904,9,9,36.96
15906,20,36,393.33
15907,4,47,238.41
15909,174,1,19.8
15910,1,52,206.56
15912,234,2,43.35
15916,17,31,311.07999999999987
15917,248,2,14.750000000000002
15918,191,5,34.550000000000004
15919,20,23,82.49000000000002
15920,155,11,22.880000000000006
15921,173,4,40.97
15925,195,2,22.4
15930,68,4,75.8
15932,5,16,300.02
15933,22,12,176.90000000000003
15935,240,4,323.94
15937,65,1,19.8
15939,135,13,1160.08
15942,134,2,57.7
15944,277,1,17.700000000000006
15947,83,7,301.96
15948,9,13,190.89
15949,17,4,67.64
15950,32,22,339.99000000000007
15951,9,10,154.25
15952,34,14,119.41
15953,16,16,264.81
15955,25,28,931.21
15957,32,8,42.97000000000001
15958,75,1,3.95
15963,20,7,111.56
15965,18,28,199.49000000000004
15967,24,17,63.95
15969,3,1,39.8
15970,304,2,33.0
15971,53,5,383.7
15974,40,41,717.5900000000001
15975,85,7,103.65
15976,166,26,89.25999999999998
15977,18,9,87.41000000000003
15978,78,6,132.28
15980,89,7,412.87
15981,25,22,614.5
15983,23,13,106.53
15984,3,46,398.7199999999999
15985,124,6,288.6
15986,31,2,30.0
15987,13,21,104.59
15988,20,3,34.7
15990,45,14,180.88
15992,4,1,13.52
15993,9,119,599.8899999999999
15994,55,7,107.15
15996,89,17,114.88000000000004
15998,37,115,733.42
16000,3,2,2771.4
16003,30,19,511.83
16005,13,41,99.64
16006,212,1,23.1
16007,48,82,384.52
16008,24,8,97.3
16009,33,18,201.21
16010,246,10,30.850000000000005
16011,9,43,680.8999999999997
16012,36,9,113.79
16013,8,37,8886.72
16014,153,31,136.86000000000004
16015,4,29,96.26
16016,4,29,213.18
16017,48,3,12.0
16018,40,8,170.97
16019,47,32,816.5900000000001
16020,17,11,206.29000000000005
16022,261,14,110.58
16023,47,12,51.14
16024,13,16,79.81
16025,30,5,84.9
16026,44,6,42.36
16027,138,3,176.25
16029,45,28,14748.47
16030,310,6,77.2
16031,93,25,98.70999999999998
16033,6,244,1933.61
16034,209,4,76.35
16036,88,10,162.09
16037,270,7,270.70000000000005
16038,8,7,171.50000000000003
16040,66,18,436.15
16041,142,1,208.8
16042,23,14,211.93
16043,38,8,130.7
16045,120,21,358.96
16049,41,59,181.09
16050,174,2,32.52
16052,55,6,60.5
16053,33,11,171.13000000000005
16054,146,10,98.98
16055,221,3,60.65
16056,46,16,166.07999999999996
16057,17,31,574.4
16059,72,26,200.25000000000009
16062,10,15,298.94
16063,261,4,57.10000000000001
16066,17,18,185.62
16070,23,5,164.70000000000005
16071,45,4,58.540000000000006
16072,289,4,162.85
16076,4,28,524.97
16079,17,9,533.88
16080,82,1,41.6
16081,57,40,476.8899999999999
16083,101,3,235.79999999999995
16084,300,13,194.25
16085,24,34,236.17
16086,60,5,120.64
16091,155,1,15.0
16092,115,9,146.39999999999995
16093,107,1,17.0
16094,12,14,224.62
16096,265,3,64.98
16097,241,3,55.3
16098,88,13,390.4500000000001
16099,138,6,109.5
16101,71,16,266.98
16102,43,15,423.36
16103,8,9,238.54
16104,62,4,73.9
16105,249,1,20.4
16106,66,2,28.28
16107,104,4,392.4
16108,85,14,279.00000000000006
16109,219,3,47.64
16110,46,71,312.1400000000001
16112,334,1,4.5600000000000005
16113,184,7,44.2
16114,171,2,34.65000000000001
16115,10,60,352.3
16116,212,7,167.82
16117,190,3,23.73
16119,9,3,80.4
16120,60,4,248.48
16121,58,44,204.67000000000004
16122,113,5,72.72
16123,52,2,30.0
16124,318,1,33.9
16126,30,19,1079.75
16127,40,13,202.48
16128,18,19,373.66
16131,52,12,616.52
16133,4,57,1716.15
16134,22,4,63.3
16135,263,4,61.95
16136,60,12,186.66000000000003
16139,19,6,87.7
16140,66,6,78.98
16141,89,6,117.49
16142,250,10,160.38
16143,4,17,266.6
16145,9,47,743.1300000000001
16146,204,7,135.49
16147,134,3,55.5
16148,297,1,76.32000000000002
16149,5,3,48.8
16150,43,16,298.50000000000006
16152,269,3,193.5
16153,50,20,367.29
16156,9,23,503.99
16157,16,5,132.15
16159,282,2,45.0
16160,86,3,86.94
16161,2,85,1034.95
16163,233,1,415.00000000000006
16164,18,7,259.76
16168,34,19,979.16
16169,9,18,363.01999999999987
16170,51,14,174.82000000000005
16172,96,13,206.12
16173,16,21,360.58
16174,127,8,565.95
16175,95,9,159.90999999999997
16177,51,2,34.8
16178,139,2,48.0
16179,61,1,20.28
16180,101,40,1966.55
16181,74,1,19.8
16182,73,3,556.8
16183,68,5,107.13
16184,65,8,196.24
16185,17,8,114.45
16186,23,38,697.9199999999997
16187,32,62,1435.37
16188,45,15,170.86
16189,16,2,29.95
16190,41,1,89.85
16191,3,34,1645.34
16193,237,1,15.0
16198,76,4,117.3
16200,5,23,124.0
16201,4,17,281.6
16202,361,3,30.12
16203,59,4,68.4
16204,24,9,66.75
16205,31,21,196.11999999999995
16206,55,14,88.26
16207,26,3,46.9
16208,45,11,84.96
16209,89,10,1486.7700000000002
16210,2,18,1582.18
16211,89,3,37.6
16212,20,10,189.29999999999995
16213,79,2,27.6
16214,171,8,147.72
16215,81,3,60.90000000000001
16216,268,8,157.63000000000005
16217,236,2,30.65
16218,30,16,753.4199999999997
16221,37,14,87.50000000000001
16222,319,27,175.25
16224,58,18,269.88000000000005
16225,150,26,162.19
16226,208,3,148.5
16229,88,10,278.26
16230,190,6,94.7
16232,44,7,145.0
16233,72,2,39.84
16235,41,8,198.34
16236,79,2,30.76
16239,190,2,90.6
16240,25,23,764.1199999999999
16241,10,135,467.7099999999999
16242,9,58,784.98
16243,34,13,155.83999999999997
16244,212,6,105.9
16245,24,19,270.16
16247,171,3,24.81
16248,62,1,17.700000000000006
16249,53,14,316.4500000000001
16250,262,2,35.4
16253,67,28,863.9900000000004
16255,17,50,444.35000000000014
16256,267,4,204.3
16257,177,1,21.95
16258,46,27,978.1699999999997
16260,51,6,386.15
16261,18,23,125.98000000000002
16265,10,55,1165.89
16266,74,17,178.97
16268,72,11,203.44000000000003
16270,354,15,271.0
16271,16,25,218.37
16272,117,5,85.44999999999997
16275,197,9,148.01
16276,177,2,117.0
16278,101,4,67.9
16279,22,19,252.31000000000003
16281,73,3,544.6800000000002
16282,340,2,12.7
16283,6,44,388.97
16284,32,19,162.80000000000004
16292,122,5,74.78
16293,22,26,438.65
16295,25,8,131.65
16297,269,3,45.5
16298,23,9,163.24
16302,127,4,66.72
16303,26,27,767.66
16305,139,7,130.6
16306,302,8,136.37
16309,107,10,174.52
16311,18,9,145.59000000000003
16313,50,3,51.90000000000001
16315,331,3,40.8
16316,65,30,758.5500000000002
16317,120,13,255.51
16318,36,1,17.700000000000006
16322,2,6,59.32
16323,197,1,207.50000000000003
16324,129,24,76.87000000000003
16325,47,4,118.5
16326,6,64,647.84
16327,15,55,704.3700000000001
16330,18,10,42.33
16332,29,31,337.52999999999986
16333,8,12,8417.36
16337,37,3,49.65
16338,158,1,11.9
16339,285,5,29.3
16340,108,46,160.04999999999995
16341,25,13,255.85
16342,76,3,69.15
16343,17,5,49.76
16344,159,2,101.1
16345,45,7,111.8
16347,12,17,147.32999999999996
16348,33,49,274.14
16349,291,4,15.38
16350,22,10,178.2
16351,333,1,19.5
16352,18,5,80.6
16353,8,20,1494.9499999999996
16354,74,10,112.5
16356,198,6,44.71000000000001
16357,34,8,152.07
16358,2,18,400.02
16359,95,15,258.85
16360,5,134,726.4099999999997
16361,10,19,130.00000000000003
16362,33,9,91.0
16363,54,1,15.0
16364,12,14,196.91
16365,18,12,562.8500000000001
16366,19,2,35.40000000000001
16367,38,26,192.68
16368,3,18,109.45000000000002
16369,19,30,350.29999999999984
16370,83,48,270.98
16372,34,17,65.55000000000001
16374,67,24,77.64000000000001
16376,9,26,213.62
16377,268,1,390.0
16378,297,7,106.4
16379,5,20,402.36
16380,62,5,238.15
16383,75,17,103.3
16384,264,5,80.25
16385,61,7,70.34
16386,29,13,43.23
16389,54,8,255.7
16392,270,14,90.12
16393,3,60,502.34
16394,57,18,339.7700000000001
16395,61,47,335.05000000000007
16398,155,12,215.75
16399,20,13,81.3
16400,95,5,50.88
16401,2,47,1199.97
16403,313,1,15.0
16404,71,6,126.85
16406,19,14,48.32000000000001
16407,13,26,367.0
16409,37,36,327.24
16411,20,7,25.660000000000004
16412,54,4,26.3
16413,57,6,61.64999999999999
16414,22,3,52.4
16415,45,10,16.13
16416,27,17,349.72
16418,45,27,119.76
16419,129,10,238.55
16422,18,75,6592.329999999999
16423,25,2,77.34
16424,192,1,15.9
16425,303,2,30.6
16426,3,73,358.61999999999983
16427,264,2,40.08
16429,107,2,284.55
16431,214,13,95.38
16432,65,1,19.92
16433,29,5,40.6
16434,30,24,334.92
16438,6,15,71.63
16440,8,51,550.5000000000001
16441,68,5,80.3
16442,2,29,76.62000000000002
16444,47,19,108.0
16445,34,11,46.26
16446,206,1,1.25
16447,136,7,72.35000000000002
16448,199,2,20.64
16449,198,8,137.84
16450,150,3,66.06
16451,88,7,126.32
16454,45,1,1.0
16455,64,16,296.45
16456,100,23,288.54
16457,219,1,17.700000000000006
16458,3,39,699.5699999999998
16460,29,20,108.71
16461,178,5,26.75
16462,74,1,68.0
16463,22,15,252.59000000000003
16464,20,51,341.7199999999998
16466,34,36,384.91
16468,75,2,74.9
16469,24,38,143.82000000000005
16470,52,43,267.48
16471,275,2,36.2
16473,165,3,51.0
16474,8,65,336.62000000000006
16475,89,5,167.1
16477,64,30,503.70000000000016
16478,26,4,67.98
16479,11,8,59.63
16480,76,16,203.26
16482,16,4,48.42
16483,193,6,58.55
16484,191,5,71.7
16485,78,9,63.22000000000001
16488,34,4,72.88000000000002
16491,47,11,264.5
16493,80,18,454.93
16494,297,12,188.16000000000003
16495,4,19,118.81
16496,9,21,352.85
16497,50,17,343.44000000000005
16498,162,4,19.8
16499,361,7,122.6
16500,331,1,165.0
16503,107,17,302.10000000000014
16504,26,17,120.68
16506,41,1,19.8
16509,297,5,117.55
16511,22,43,251.50000000000003
16513,20,5,106.1
16515,53,25,316.55
16516,31,1,15.6
16517,278,4,33.0
16518,62,8,150.58
16519,26,1,25.0
16520,187,10,63.85
16523,2,55,1698.6399999999994
16525,38,27,2205.24
16526,172,1,10.0
16527,82,3,61.40000000000001
16528,4,2,23.520000000000003
16529,191,3,40.8
16531,23,16,276.61
16532,18,1,2232.0
16533,20,42,264.7
16535,6,6,79.58
16536,111,11,107.8
16539,3,8,327.21
16542,54,3,79.89999999999998
16546,291,3,70.2
16549,11,191,767.7400000000004
16550,109,42,334.0499999999999
16551,96,8,169.50000000000003
16552,243,1,17.700000000000006
16553,164,15,931.0
16554,43,14,224.05
16555,36,3,37.86
16556,67,35,510.5699999999998
16557,138,1,12.5
16558,1,84,1738.59
16560,27,11,141.97
16561,6,5,76.22
16563,54,4,341.82
16565,365,2,155.85
16566,193,1,29.7
16567,195,8,155.61
16569,4,1,10.5
16570,16,23,807.65
16571,27,13,214.62
16572,128,7,137.55
16573,85,9,118.35
16574,72,6,121.79999999999998
16581,183,1,10.2
16582,114,2,180.12
16584,81,2,44.76000000000001
16586,249,3,178.2
16587,233,5,90.15
16589,72,5,74.9
16591,69,2,44.55
16592,5,44,826.25
16593,51,4,63.15
16594,76,12,44.44
16595,62,25,91.83999999999996
16596,16,1,16.6
16597,5,3,63.5
16598,286,2,21.6
16600,5,15,204.78000000000003
16601,41,8,58.41
16602,37,9,148.20000000000005
16603,75,9,133.25
16607,18,28,473.44
16609,16,45,871.0500000000002
16610,220,1,9.96
16611,187,2,17.54
16612,33,12,208.20000000000005
16613,71,9,170.2
16614,183,3,52.08
16616,16,2,60.40000000000001
16617,236,2,68.7
16618,32,25,779.3099999999997
16620,4,2,40.3
16621,52,7,152.05
16624,81,8,190.44
16625,275,4,55.44
16626,1,43,883.6800000000002
16627,80,4,47.19
16628,30,17,274.94
16629,74,21,153.74999999999997
16633,18,26,519.4399999999998
16637,33,19,290.44999999999993
16638,100,20,308.3
16639,32,16,483.45
16641,106,4,88.34
16642,5,9,164.04
16643,246,7,117.01
16644,178,14,181.94
16647,170,6,74.04
16648,43,2,30.0
16650,72,3,60.6
16652,59,21,1071.29
16653,17,9,199.7
16654,142,8,126.91
16655,18,54,707.1399999999996
16656,43,12,1889.16
16657,10,37,137.27
16659,190,1,20.4
16660,17,6,731.9
16665,363,3,23.4
16666,20,9,54.21
16667,69,14,146.13000000000005
16668,16,2,30.6
16669,24,38,392.33
16670,31,57,896.17
16672,3,20,1149.5
16674,55,16,46.49
16676,34,21,362.54
16678,3,35,773.5199999999999
16680,44,3,56.9
16681,78,6,171.42
16682,5,11,469.19999999999993
16684,5,57,14708.959999999995
16685,62,14,65.38000000000001
16686,48,118,637.1099999999999
16688,2,12,222.72
16689,76,2,53.64000000000001
16690,73,5,69.93
16692,257,2,158.5
16693,69,13,101.6
16696,214,2,213.3
16697,242,1,8.25
16698,254,1,204.0
16700,9,59,946.0
16701,9,29,1000.3099999999997
16705,1,47,2294.3399999999992
16706,38,18,72.62
16708,46,10,183.0
16709,85,16,538.5
16710,20,71,420.5399999999999
16711,27,4,256.08
16712,19,69,570.25
16713,19,115,1308.1199999999994
16714,318,19,170.8
16715,79,1,3.8
16716,267,1,166.8
16717,24,35,690.3700000000001
16719,15,33,268.18
16720,27,4,21.25
16721,263,7,87.82000000000002
16722,18,34,823.98
16723,108,5,87.35000000000002
16725,303,29,147.37
16726,27,30,249.07
16727,365,4,28.85
16728,47,50,172.04999999999995
16729,39,130,1462.8099999999995
16730,53,18,123.87000000000002
16732,32,7,144.12
16734,53,10,78.85999999999999
16735,79,19,385.8
16739,177,3,86.8
16742,47,1,464.9
16743,30,42,541.14
16744,12,43,189.5
16745,87,85,1721.9599999999994
16746,5,71,1090.9299999999996
16747,38,11,190.87
16748,18,15,343.9000000000001
16750,45,22,187.33
16751,31,4,177.24
16753,59,7,29.450000000000006
16755,115,39,325.71
16756,215,5,90.9
16757,319,2,60.60000000000001
16758,66,3,33.15
16759,8,7,131.76
16761,97,4,85.2
16762,20,13,258.02
16763,199,4,143.1
16764,4,130,535.8399999999998
16766,274,8,270.3
16767,31,48,982.7200000000003
16768,48,12,95.7
16769,261,8,77.35
16770,58,28,188.46
16771,34,62,527.5299999999999
16773,58,5,24.1
16774,68,9,126.25
16775,58,26,218.8
16776,61,20,116.14999999999998
16777,81,14,56.82
16778,75,5,71.0
16779,3,74,2278.17
16780,101,12,86.74
16782,18,37,474.75
16788,124,37,128.67
16789,9,2,27.5
16790,4,16,250.30000000000004
16791,30,63,397.90999999999985
16792,283,1,5.1
16793,58,3,36.46
16794,2,44,261.11
16796,90,2,34.739999999999995
16800,12,41,279.14
16801,164,21,411.6
16803,66,3,36.49
16804,24,11,81.0
16805,174,24,103.4
16806,104,21,192.49
16807,143,11,177.62
16808,100,4,44.1
16809,24,28,174.44999999999993
16810,193,5,90.8
16811,5,7,117.49
16812,361,1,14.85
16813,9,96,436.51999999999987
16814,15,47,977.7000000000003
16816,150,6,75.1
16817,3,12,127.64
16818,11,29,564.16
16820,96,5,75.42
16823,228,7,75.35000000000002
16824,16,4,54.96
16825,39,3,59.4
16826,52,6,97.8
16828,94,3,47.4
16829,157,2,59.40000000000001
16830,39,4,63.65
16832,218,1,4.95
16833,2,9,152.13
16834,228,4,70.24
16835,129,1,20.8
16836,40,2,30.980000000000004
16837,32,28,536.14
16838,198,3,43.6
16839,9,48,2607.4500000000007
16841,37,29,532.16
16842,101,8,125.04
16843,43,90,2456.859999999999
16846,51,1,24.96
16847,44,2,26.8
16848,53,4,87.9
16849,187,3,47.7
16850,334,5,82.5
16851,5,4,58.79999999999999
16852,177,2,34.85
16855,24,3,46.05
16856,15,1,17.700000000000006
16859,145,12,221.07
16863,32,5,135.07999999999998
16866,141,2,40.65
16869,23,25,148.43
16871,23,25,520.24
16872,78,1,49.95
16873,5,55,1323.2099999999996
16875,68,22,399.85
16877,13,21,149.66
16878,85,1,2.55
16880,31,38,326.13999999999993
16881,67,1,432.0
16882,67,7,134.04000000000002
16883,188,3,16.65
16884,38,3,52.96
16885,16,21,99.36
16887,36,9,52.16
16889,195,25,317.27
16891,2,33,132.29000000000002
16892,2,20,114.46
16895,65,16,57.42
16897,314,10,66.28
16898,27,29,79.78999999999998
16899,8,20,158.14999999999995
16900,17,23,215.47
16902,117,10,606.64
16903,30,9,66.89
16904,5,138,851.1400000000001
16905,6,53,788.1899999999998
16906,82,20,182.04
16907,30,27,262.35
16909,73,2,24.36
16910,5,90,239.81999999999996
16912,29,22,488.6
16913,291,1,1.25
16914,37,5,15.1
16915,45,13,61.44
16916,24,19,63.53
16917,277,3,218.62
16918,64,23,223.76
16919,157,67,534.44
16921,62,12,50.3
16923,13,142,1355.94
16924,22,14,149.26999999999995
16928,87,30,410.3999999999999
16929,4,16,255.66
16930,27,12,47.59
16931,6,172,876.2700000000003
16932,54,13,28.309999999999995
16933,2,9,99.45000000000002
16934,55,9,122.45
16936,26,16,51.95
16938,9,52,426.3100000000002
16940,53,55,481.4900000000002
16942,13,39,349.93999999999994
16943,212,8,204.18
16945,22,53,852.7799999999999
16947,236,1,15.0
16948,139,5,138.6
16949,41,9,99.43
16950,57,10,244.22000000000003
16951,137,10,194.81
16952,110,3,26.23
16954,17,14,658.4000000000002
16955,185,6,118.21
16956,18,1,13.5
16957,240,4,79.2
16959,88,2,25.8
16960,39,19,81.22000000000001
16961,117,4,65.3
16963,188,2,32.550000000000004
16965,227,6,76.59
16966,198,6,329.64
16967,190,5,80.7
16968,5,7,76.94999999999997
16969,40,10,119.42
16971,39,5,29.78
16976,268,1,175.2
16978,78,11,98.54
16979,4,18,559.6099999999999
16980,256,14,129.25
16982,61,5,86.5
16983,13,29,235.37
16984,89,98,1088.66
16985,18,21,973.04
16986,31,1,62.40000000000001
16987,4,28,415.79999999999984
16988,6,1,10.2
16992,11,21,346.05
16996,31,6,226.24
16997,289,3,195.0
16999,75,2,29.3
17001,1,34,722.4499999999998
17002,86,13,434.66
17004,47,13,386.28
17006,5,12,198.41
17007,51,6,157.47
17010,19,1,10.08
17011,31,5,87.29999999999998
17014,9,16,101.34
17015,29,46,404.93
17017,3,34,1113.8600000000004
17018,41,4,176.1
17019,12,37,151.99
17022,32,1,6.959999999999999
17024,158,1,31.25
17025,61,1,90.0
17027,79,38,239.02
17030,64,1,2.9
17031,12,4,66.6
17033,87,7,238.68
17034,17,7,170.07999999999996
17035,246,5,73.92000000000002
17037,88,13,222.09
17038,31,5,15.15
17040,138,4,56.7
17041,27,14,166.26
17042,3,24,264.61
17043,33,20,548.4499999999998
17044,26,2,381.6
17045,114,4,60.29
17046,158,4,154.38
17047,86,12,199.8
17048,118,8,188.35
17049,3,55,891.8599999999997
17050,97,53,528.96
17051,195,9,57.40000000000001
17052,29,14,62.49
17053,131,2,90.9
17054,29,14,197.35
17058,82,12,202.49
17059,30,80,467.48
17060,267,1,17.700000000000006
17061,74,22,724.9
17062,314,10,70.75
17063,22,13,237.98
17064,183,14,151.75
17068,13,56,891.4899999999997
17069,29,31,546.13
17070,115,15,73.41
17071,29,32,574.4599999999998
17073,18,29,244.16
17075,18,18,176.43
17076,37,5,123.0
17078,37,5,104.24
17080,23,1,20.4
17081,26,17,57.27
17082,34,14,260.25
17083,110,10,258.66
17084,36,21,397.24000000000007
17085,124,47,437.38
17086,8,23,839.3
17088,29,22,394.95
17090,89,15,510.15
17091,3,38,673.0699999999998
17092,51,21,251.47
17094,323,1,47.7
17095,23,8,94.55
17096,16,9,204.58
17100,19,12,183.16
17101,30,8,332.44000000000005
17105,160,14,104.18
17107,34,79,1846.1600000000005
17109,33,15,130.94
17110,166,6,93.0
17111,48,5,57.6
17114,6,29,192.74
17115,183,4,66.6
17117,289,1,6.6000000000000005
17118,318,2,22.56
17119,4,11,181.86
17120,234,6,115.05
17123,162,2,69.6
17124,186,6,35.13
17125,51,8,36.15
17126,153,46,199.22999999999996
17128,335,4,28.55
17131,6,29,584.63
17133,16,6,631.95
17134,107,3,56.6
17135,17,4,77.46
17138,276,3,53.5
17139,16,105,2423.270000000001
17140,248,5,37.0
17142,240,2,54.75
17144,2,11,177.98999999999995
17146,106,10,165.75000000000003
17147,23,14,394.77
17148,52,2,24.9
17152,195,3,220.1
17153,25,2,25.9
17154,76,5,63.72
17155,18,9,182.21
17157,177,2,39.90000000000001
17158,33,9,189.59
17159,22,20,274.73
17160,32,45,630.2100000000003
17162,29,21,360.19000000000005
17163,79,1,34.0
17164,33,31,545.92
17165,285,1,17.700000000000006
17166,204,3,31.65
17169,58,12,193.41000000000003
17171,290,1,25.5
17172,79,3,91.56
17173,6,25,1102.5000000000002
17174,218,1,10.5
17175,45,17,373.9
17176,202,2,30.3
17179,179,10,95.4
17180,57,32,213.56999999999994
17181,58,4,33.2
17183,33,13,748.6099999999999
17187,227,2,31.6
17188,12,21,484.76
17189,107,15,113.44000000000004
17190,59,4,70.95000000000002
17191,29,29,326.89
17193,36,9,413.34
17194,361,4,51.92
17197,30,6,108.3
17198,24,6,59.56
17201,54,5,12.77
17203,36,27,773.1899999999998
17204,176,6,192.45
17205,54,1,72.0
17211,27,39,449.91
17212,254,1,60.0
17213,41,36,661.3100000000002
17214,61,18,179.4
17218,5,52,375.46999999999986
17219,32,5,32.0
17220,25,90,641.6399999999999
17221,8,18,69.86000000000001
17222,66,2,19.8
17223,311,4,15.05
17226,309,4,85.35
17227,19,7,236.35
17228,16,41,377.49000000000007
17229,97,9,38.67999999999999
17230,265,17,891.42
17231,13,122,684.5799999999998
17232,3,3,31.73
17233,36,2,33.25
17234,183,1,3.75
17235,26,3,16.44
17236,13,21,211.74
17237,12,3,37.91
17238,3,110,716.7099999999997
17239,313,3,89.5
17242,109,5,170.04
17243,6,90,1746.3700000000006
17244,54,7,117.75
17245,205,1,15.3
17247,16,15,59.22
17248,121,16,51.60000000000001
17250,4,10,62.89999999999999
17251,363,6,52.95
17252,187,16,41.75
17253,19,6,64.35
17254,5,19,38.5
17255,41,20,62.40999999999998
17256,108,3,24.4
17259,149,8,50.12000000000001
17262,228,2,251.1
17263,209,3,10.5
17265,139,15,73.23000000000002
17266,4,18,62.79
17267,128,4,14.78
17272,47,23,471.48
17274,36,2,9.45
17277,228,10,113.37
17278,242,3,52.98
17279,58,3,92.28
17282,131,17,592.3600000000001
17284,61,56,335.3699999999999
17286,22,9,44.95
17287,27,26,189.29
17288,13,20,178.44
17289,32,20,150.38000000000005
17290,4,19,113.7
17293,31,32,431.85
17295,29,13,109.96
17297,18,12,18.83
17298,102,9,130.78
17299,12,14,123.28
17301,22,7,26.5
17302,15,19,289.2000000000001
17303,362,12,49.72000000000001
17306,11,10,1221.9
17309,96,4,17.5
17311,79,8,267.26
17312,156,2,1.7999999999999998
17313,32,9,932.34
17314,25,18,390.05
17315,2,97,1273.0799999999995
17317,90,1,76.32000000000002
17320,101,11,173.73999999999995
17321,68,17,131.31
17323,16,48,242.13999999999993
17324,22,4,108.26
17325,281,2,39.6
17329,15,8,186.43
17330,68,1,45.0
17333,86,5,80.4
17334,309,2,30.24
17337,152,114,413.46
17338,18,139,1158.1899999999996
17339,95,4,141.96
17340,30,70,2169.7700000000004
17341,157,5,107.02
17343,356,1,1.7399999999999998
17344,47,6,22.1
17345,16,21,167.74000000000004
17346,4,99,589.8699999999999
17348,15,40,193.95
17349,180,1,12.75
17350,9,19,289.9600000000001
17351,37,6,66.95
17353,155,2,435.0
17354,51,4,434.56
17356,312,1,4.25
17357,25,8,51.11
17358,304,14,82.89
17359,12,5,46.3
17360,18,27,104.87000000000002
17361,187,3,50.5
17362,240,9,102.35
17364,1,68,746.58
17365,13,97,1081.11
17367,239,7,44.02
17368,24,23,325.47
17370,73,6,93.86
17371,18,18,66.73
17372,41,46,226.13000000000008
17373,41,7,79.79
17374,219,8,141.15000000000003
17375,200,15,98.02
17376,71,10,73.3
17377,24,78,603.3499999999998
17379,12,21,121.44
17381,25,20,3065.4
17383,5,16,82.94000000000003
17384,20,6,53.03
17385,15,6,70.34
17386,8,9,1407.2800000000002
17387,20,17,162.37
17388,132,4,71.9
17389,1,38,4096.219999999998
17391,165,1,203.52
17392,307,19,127.28
17394,220,1,29.7
17396,40,5,2242.6
17397,23,14,150.82000000000005
17398,115,10,164.96
17400,127,36,290.58
17402,5,8,525.34
17403,37,5,26.38
17405,2,12,153.19000000000003
17406,334,17,435.7
17408,164,2,32.65
17409,249,5,260.55
17410,17,8,130.74
17411,76,3,48.5
17412,24,15,266.62
17414,44,4,756.4
17415,80,2,77.19999999999997
17416,30,53,1388.71
17418,43,7,104.21
17419,12,34,761.3000000000002
17420,51,2,41.6
17422,17,27,458.91000000000014
17423,47,9,273.02
17425,61,12,199.6
17426,9,62,1028.95
17428,1,73,4117.690000000001
17429,129,8,91.41
17430,33,1,17.700000000000006
17431,314,5,37.5
17432,19,11,97.19
17433,89,11,49.65
17434,3,25,373.13000000000005
17436,2,3,63.3
17438,254,5,119.85
17440,157,1,30.6
17442,37,28,472.12000000000006
17446,177,2,26.4
17447,41,7,93.82
17449,3,64,571.8100000000002
17450,11,64,36160.84000000001
17451,2,20,336.92
17453,18,8,239.55
17454,234,13,81.40000000000002
17455,204,1,17.700000000000006
17457,127,3,221.95
17458,16,17,90.43
17459,44,24,97.5
17460,95,3,64.0
17461,23,28,179.89
17462,61,2,27.6
17463,17,40,359.14999999999986
17464,159,2,86.4
17466,11,7,128.15
17468,15,1,30.0
17469,17,12,261.40000000000003
17470,45,14,163.16999999999996
17472,192,36,154.38
17475,80,2,27.6
17480,78,8,171.33999999999997
17481,4,15,208.26
17483,66,4,62.7
17486,262,5,74.28
17489,59,8,132.04000000000002
17490,1,17,590.21
17491,2,14,442.2
17492,249,3,129.15
17495,8,4,66.82
17496,359,2,57.15000000000001
17498,76,2,41.56
17499,290,5,59.46
17500,30,1,16.5
17501,221,6,87.15
17502,10,5,98.1
17503,3,4,36.78
17504,207,26,677.68
17505,162,10,206.6
17506,76,1,22.5
17507,262,16,100.95
17509,58,73,1260.53
17510,25,1,12.6
17511,3,175,16805.440000000002
17512,155,14,452.35
17514,129,5,26.500000000000004
17515,32,15,114.49
17516,16,29,161.36
17517,309,3,52.2
17519,18,12,306.25
17520,54,6,107.84
17521,30,8,110.96
17522,2,12,144.3
17523,12,6,80.94
17525,360,3,110.1
17526,5,2,102.3
17527,54,10,158.23
17528,2,49,825.7199999999998
17530,2,49,339.06000000000006
17531,191,2,57.0
17534,54,1,30.0
17535,281,2,25.2
17537,30,25,280.8299999999999
17538,26,3,23.76
17540,25,5,137.7
17542,270,3,14.3
17545,44,28,93.23000000000002
17548,234,1,16.5
17549,24,2,57.18000000000001
17550,198,9,50.94
17551,360,12,82.2
17552,72,3,69.6
17553,130,1,1250.0
17554,2,13,284.17
17555,20,22,124.41
17556,206,1,24.9
17557,15,10,158.04999999999995
17560,95,4,157.85
17561,20,4,22.63
17562,52,12,204.36000000000004
17564,25,8,73.1
17566,9,32,206.87
17567,8,31,753.56
17569,333,5,44.6
17571,51,54,306.1699999999998
17572,72,1,13.05
17573,30,5,90.22
17574,243,3,86.10000000000002
17576,9,77,731.28
17578,219,1,18.72
17579,5,10,127.44
17580,253,10,98.16000000000004
17581,1,74,1529.5099999999998
17582,237,8,87.66000000000003
17584,8,10,393.7
17585,110,42,224.65000000000003
17588,101,2,43.7
17589,61,48,459.37999999999977
17590,3,37,272.97
17591,74,13,252.47000000000003
17593,4,35,677.83
17594,86,5,108.0
17595,13,15,76.57000000000002
17596,24,47,613.3599999999999
17597,214,12,576.1200000000001
17600,18,5,70.14
17602,3,94,840.2799999999999
17603,79,3,37.38
17604,218,16,77.67
17608,34,12,32.629999999999995
17609,41,48,261.33000000000004
17611,8,119,731.3400000000001
17612,54,35,671.71
17613,23,51,674.07
17614,58,22,80.08
17615,204,2,36.7
17616,174,1,163.2
17618,6,18,293.7
17619,313,21,56.38
17620,60,2,40.8
17621,22,5,421.2
17623,33,8,152.61
17624,15,5,82.0
17625,19,76,479.38
17629,6,25,419.23000000000013
17630,170,3,61.6
17631,2,9,121.25
17633,32,14,215.56
17634,37,56,434.78
17636,20,6,71.38
17637,32,6,108.19
17639,277,1,22.5
17640,87,1,236.88
17642,120,6,101.68
17644,2,38,828.5399999999997
17646,220,8,141.9
17648,61,18,347.45
17649,139,11,174.19000000000003
17650,22,2,50.1
17651,12,48,773.0199999999996
17652,26,47,928.87
17653,37,14,371.26
17655,11,10,187.39000000000004
17656,74,19,408.62
17658,26,7,232.04
17659,18,32,583.0799999999998
17660,142,8,71.67
17663,26,24,546.99
17664,19,6,91.58
17666,66,1,25.5
17667,67,25,446.77
17668,2,2,83.1
17669,86,13,554.3
17670,228,3,50.4
17671,16,5,269.4
17672,51,26,830.74
17673,2,48,288.29
17674,75,4,76.92000000000002
17675,2,127,3615.15
17676,59,6,101.72
17677,2,61,2805.13
17678,264,2,42.66
17679,53,7,512.75
17680,24,4,63.80000000000001
17682,11,19,351.0900000000001
17684,44,4,78.1
17685,17,29,537.3
17686,8,71,1434.9599999999996
17690,31,54,913.8300000000003
17691,359,1,15.9
17692,128,8,135.07
17693,138,2,32.4
17694,142,4,78.46
17695,132,6,93.4
17696,39,29,603.82
17697,237,3,42.9
17700,17,21,339.04
17701,253,5,98.0
17702,31,15,210.44000000000003
17703,36,6,108.84
17704,169,8,267.26
17705,4,18,313.00000000000006
17706,5,76,2040.7100000000007
17707,337,1,15.0
17708,188,11,64.30000000000001
17709,170,3,39.5
17711,290,1,20.28
17712,45,9,155.04000000000005
17714,321,1,15.0
17716,30,52,1178.7099999999996
17718,233,3,63.45
17719,38,46,937.9
17720,114,10,341.71
17722,97,17,526.0699999999998
17723,192,2,474.40000000000015
17724,72,8,217.7
17725,17,41,672.9999999999999
17727,16,17,290.58
17728,4,35,641.8800000000001
17730,4,43,870.9199999999997
17731,129,9,138.64
17733,39,7,79.78999999999998
17734,137,5,101.1
17735,3,130,2306.830000000001
17736,114,4,52.48
17738,20,17,377.95
17739,12,9,547.4799999999998
17742,333,4,76.47
17744,4,17,286.6
17746,241,1,31.6
17749,179,5,105.34
17750,6,36,385.77
17754,1,19,190.67
17757,2,125,1215.3900000000006
17758,20,77,639.8300000000003
17759,18,14,69.98
17761,33,4,104.07
17764,51,14,184.23
17765,211,9,54.17
17767,16,5,37.1
17768,9,20,341.47
17769,13,62,739.3199999999998
17770,276,5,235.3
17771,57,15,80.34
17772,11,16,40.0
17774,97,24,177.1
17777,25,38,139.48000000000002
17779,22,11,69.72
17781,160,1,7.95
17783,73,6,31.92
17785,54,3,37.35
17786,86,18,78.45
17787,153,14,175.90000000000003
17788,74,2,829.45
17789,282,2,18.9
17790,27,38,405.76999999999987
17793,26,13,51.28999999999999
17795,180,11,45.56999999999999
17796,41,10,94.75
17797,23,21,134.84
17799,23,77,520.9299999999998
17800,38,17,215.65
17802,83,24,195.68
17805,74,3,216.66
17806,12,10,156.70999999999995
17809,17,8,673.7400000000001
17811,5,173,1638.2500000000002
17812,13,15,67.55000000000001
17813,15,81,363.75999999999993
17816,37,3,8.14
17817,5,6,33.43
17819,72,7,516.35
17824,52,2,40.08
17827,6,48,482.93
17830,2,8,151.3
17832,50,13,28.78
17835,3,9,36.68000000000001
17836,48,3,23.15
17837,43,35,327.72
17838,27,21,410.85000000000014
17839,43,18,77.14
17841,2,1497,7535.589999999971
17843,304,6,21.58
17848,82,12,366.94
17849,219,5,63.55
17852,12,9,42.4
17854,186,4,37.75
17856,2,2,105.0
17857,18,11,4185.5
17858,6,36,1038.4
17859,305,5,7.52
17861,4,52,457.21999999999986
17862,324,1,90.0
17863,60,18,322.76
17864,13,21,123.59
17865,31,66,1837.8400000000006
17867,31,19,108.77
17869,108,8,114.4
17870,3,45,255.94000000000003
17871,205,5,54.48
17873,81,11,436.27
17874,226,6,38.95
17877,171,1,20.4
17878,44,5,54.96
17879,174,2,5.8100000000000005
17880,365,7,138.9
17881,305,1,4.95
17883,4,26,146.91999999999996
17884,4,17,123.5
17885,13,12,33.33
17886,32,15,70.97
17887,130,3,9.2
17888,39,16,225.61
17889,213,3,32.65
17890,323,24,143.3
17891,163,7,34.85
17892,58,6,32.2
17893,226,2,15.54
17894,72,41,178.41
17895,45,3,26.88
17897,173,13,40.34
17898,86,7,27.64
17899,160,10,47.6
17900,191,1,15.0
17901,30,2,6.44
17904,22,9,51.3
17905,157,3,103.44
17906,248,2,9.45
17911,10,7,38.16
17912,311,7,50.9
17913,59,12,59.25
17914,4,14,60.09000000000001
17917,46,24,99.8
17919,89,6,288.24
17920,5,134,906.7299999999997
17921,65,21,116.05
17924,12,5,413.4
17926,134,5,58.39
17928,46,6,70.53
17929,113,1,272.0
17930,36,8,377.63999999999993
17931,135,11,48.45
17932,30,17,234.85
17934,59,6,233.91
17935,142,2,5.5
17936,6,20,104.09000000000003
17937,9,11,915.06
17939,160,4,38.44
17940,165,3,483.34
17946,234,5,21.55
17947,38,2,45.04
17949,57,12,6901.580000000001
17950,73,7,34.15
17951,40,4,241.08000000000004
17954,6,103,489.93
17955,199,3,212.95
17957,67,7,22.62
17958,117,2,397.8
17960,172,3,4.19
17961,22,51,254.57
17962,143,9,24.96
17964,32,15,57.28
17965,38,72,695.1800000000003
17966,152,11,105.98
17969,167,6,36.5
17970,212,4,47.1
17972,242,6,28.64
17973,52,2,39.66
17974,25,32,176.74
17975,16,66,1154.62
17977,30,3,99.25
17979,36,27,115.35
17980,205,10,94.70000000000002
17984,146,11,31.15
17985,23,4,92.85
17987,186,4,41.85
17988,12,5,10.509999999999998
17990,237,10,213.65
17994,122,21,223.77
17997,75,34,486.23999999999984
17999,38,11,49.26000000000001
18001,13,19,163.65
18004,363,6,15.95
18005,4,14,44.10000000000001
18006,24,6,91.45
18008,71,5,66.77000000000001
18009,236,6,54.85
18010,257,1,2.5
18013,156,12,80.33
18014,29,7,27.65
18015,5,12,30.559999999999995
18016,33,24,282.42
18017,170,1,179.0
18018,109,3,6.799999999999999
18022,36,32,86.43999999999998
18024,153,8,179.79
18027,99,5,46.3
18030,5,2,85.05
18032,335,2,32.4
18033,66,4,10.99
18034,22,17,56.08
18035,36,8,75.64
18036,33,15,79.82
18037,155,6,13.25
18040,246,3,70.80000000000003
18041,12,90,1043.13
18042,54,1,14.85
18043,25,10,37.87
18044,5,22,423.41
18045,46,4,17.94
18048,204,2,17.32
18050,360,1,15.0
18053,71,5,86.89999999999998
18055,8,77,1503.0300000000007
18056,289,5,116.65
18058,10,1,81.6
18059,45,3,41.12000000000001
18061,66,9,262.25
18062,174,2,47.1
18065,6,32,568.9100000000002
18066,76,2,65.7
18067,41,4,70.45
18069,27,99,491.66
18071,258,2,29.3
18072,186,2,12.84
18073,115,15,434.34
18075,24,31,540.85
18077,9,37,452.95999999999987
18078,218,6,94.0
18079,46,28,748.24
18081,113,2,47.40000000000001
18082,26,9,87.78999999999998
18085,331,5,63.2
18086,275,2,35.099999999999994
18088,62,10,43.42000000000001
18092,3,22,3084.7200000000007
18093,94,10,604.0400000000002
18094,82,13,433.86
18095,313,9,314.45
18096,12,53,291.47
18097,8,21,515.58
18099,128,6,53.91999999999999
18101,12,13,77.75
18102,2,76,48060.34999999999
18104,38,4,83.75999999999998
18105,38,6,13.849999999999998
18106,330,8,152.79999999999995
18108,255,4,58.6
18109,2,84,1735.5400000000004
18110,20,8,51.2
18112,13,4,72.5
18114,291,6,50.6
18116,68,84,298.12999999999994
18117,26,10,60.81
18118,11,238,1131.8199999999995
18120,215,3,22.75
18121,155,10,222.47000000000003
18122,9,79,372.11
18123,25,9,120.65999999999998
18125,30,43,249.28000000000003
18126,61,13,76.22000000000001
18127,20,9,52.55
18129,244,1,12.75
18130,16,16,229.89
18135,30,6,355.9899999999999
18136,64,7,162.44
18138,296,1,9.9
18139,18,42,1635.7200000000007
18142,158,5,292.92
18143,117,17,289.3900000000001
18144,31,11,701.1999999999998
18145,13,41,491.54999999999984
18146,221,1,17.700000000000006
18147,46,1,39.6
18149,216,1,19.0
18150,33,9,154.5
18151,135,9,185.95
18154,4,4,88.8
18155,76,7,109.4
18156,13,21,120.91
18158,10,11,146.1
18159,302,2,33.300000000000004
18160,58,14,239.74999999999997
18161,16,14,271.26000000000005
18164,38,1,10.5
18165,178,3,113.04
18167,36,3,115.5
18168,177,17,150.61
18169,61,2,75.9
18170,34,7,184.15
18171,59,12,319.85
18172,36,38,2034.4999999999993
18173,87,5,315.42
18176,359,1,17.4
18177,32,13,254.55
18178,129,21,332.62999999999994
18179,10,23,359.09
18180,5,24,353.44
18181,25,15,125.60000000000002
18183,228,7,102.6
18185,250,1,17.700000000000006
18188,16,18,555.36
18189,78,11,172.15000000000003
18190,331,2,37.6
18192,72,7,131.0
18193,166,2,32.46
18194,83,5,653.8399999999998
18196,96,24,123.2
18198,5,36,1160.77
18200,107,8,21.88
18202,200,14,308.9600000000001
18203,158,6,34.0
18204,72,50,496.75999999999993
18205,37,5,66.45
18210,2,23,408.82999999999987
18211,44,10,150.55
18212,327,17,95.15
18213,237,2,27.9
18216,32,5,111.1
18217,30,5,94.7
18218,282,6,108.96
18219,3,21,330.99
18220,227,1,152.64
18221,23,10,145.07999999999996
18223,5,41,956.5400000000003
18225,4,56,1175.0199999999998
18226,45,45,1112.96
18228,80,6,105.49
18229,12,30,1626.5399999999993
18230,10,14,490.44
18231,193,22,444.7000000000001
18232,82,7,111.2
18235,72,25,392.57
18236,30,9,140.29999999999998
18237,3,12,215.04
18239,219,12,232.24999999999997
18240,47,1,297.0
18241,10,19,344.98999999999984
18242,73,16,682.5700000000003
18245,8,40,673.61
18248,123,12,216.91
18249,18,2,29.22
18250,311,8,130.62
18251,88,3,444.96
18252,51,22,119.06
18257,40,22,394.39000000000016
18259,25,4,246.2
18260,173,30,571.89
18261,44,6,99.5
18262,141,1,2.88
18263,26,10,206.12
18265,73,9,157.88
18270,39,3,50.3
18272,3,38,642.44
18274,31,2,30.15
18276,44,4,67.68
18277,59,4,48.78
18280,278,2,38.7
18281,181,2,31.8
18282,8,2,30.700000000000006
18283,4,152,432.92999999999984
18287,43,15,395.76
